{
"lines":[{"index":64,"settings":{"red":true}},{"index":1,"settings":{"red":true}},{"index":2,"settings":{"red":true}},{"index":66,"settings":{"red":true}},{"index":4,"settings":{"red":true}},{"index":68,"settings":{"red":true}},{"index":69,"settings":{"red":true}},{"index":6,"settings":{"red":true}},{"index":71,"settings":{"red":true}},{"index":8,"settings":{"red":true}},{"index":73,"settings":{"red":true}},{"index":10,"settings":{"red":true}},{"index":11,"settings":{"red":true}},{"index":75,"settings":{"red":true}},{"index":13,"settings":{"red":true}},{"index":77,"settings":{"red":true}},{"index":15,"settings":{"red":true}},{"index":79,"settings":{"red":true}},{"index":16,"settings":{"red":true}},{"index":81,"settings":{"red":true}},{"index":18,"settings":{"red":true}},{"index":20,"settings":{"red":true}},{"index":22,"settings":{"red":true}},{"index":24,"settings":{"red":true}},{"index":25,"settings":{"red":true}},{"index":27,"settings":{"red":true}},{"index":29,"settings":{"red":true}},{"index":31,"settings":{"red":true}},{"index":33,"settings":{"red":true}},{"index":35,"settings":{"red":true}},{"index":37,"settings":{"red":true}},{"index":39,"settings":{"red":true}},{"index":41,"settings":{"red":true}},{"index":43,"settings":{"red":true}},{"index":45,"settings":{"red":true}},{"index":46,"settings":{"red":true}},{"index":48,"settings":{"red":true}},{"index":50,"settings":{"red":true}},{"index":52,"settings":{"red":true}},{"index":54,"settings":{"red":true}},{"index":56,"settings":{"red":true}},{"index":58,"settings":{"red":true}},{"index":60,"settings":{"red":true}},{"index":62,"settings":{"red":true}}]}