{
"lines":[{"index":1,"settings":{"red":true}},{"index":2,"settings":{"red":true}},{"index":3,"settings":{"red":true}},{"index":4,"settings":{"red":true}},{"index":5,"settings":{"red":true}},{"index":6,"settings":{"red":true}},{"index":10,"settings":{"red":true}},{"index":11,"settings":{"red":true}},{"index":12,"settings":{"red":true}},{"index":13,"settings":{"red":true}},{"index":15,"settings":{"red":true}},{"index":16,"settings":{"red":true}},{"index":18,"settings":{"red":true}},{"index":19,"settings":{"red":true}},{"index":20,"settings":{"red":true}},{"index":21,"settings":{"red":true}},{"index":23,"settings":{"red":true}},{"index":24,"settings":{"red":true}},{"index":25,"settings":{"red":true}},{"index":26,"settings":{"red":true}},{"index":27,"settings":{"red":true}},{"index":28,"settings":{"red":true}},{"index":30,"settings":{"red":true}},{"index":31,"settings":{"red":true}},{"index":32,"settings":{"red":true}},{"index":33,"settings":{"red":true}},{"index":36,"settings":{"red":true}},{"index":37,"settings":{"red":true}},{"index":38,"settings":{"red":true}},{"index":39,"settings":{"red":true}},{"index":40,"settings":{"red":true}},{"index":41,"settings":{"red":true}},{"index":43,"settings":{"red":true}},{"index":44,"settings":{"red":true}},{"index":45,"settings":{"red":true}},{"index":46,"settings":{"red":true}},{"index":47,"settings":{"red":true}},{"index":48,"settings":{"red":true}},{"index":49,"settings":{"red":true}},{"index":50,"settings":{"red":true}},{"index":51,"settings":{"red":true}},{"index":52,"settings":{"red":true}},{"index":53,"settings":{"red":true}},{"index":55,"settings":{"red":true}},{"index":56,"settings":{"red":true}},{"index":57,"settings":{"red":true}},{"index":58,"settings":{"red":true}},{"index":59,"settings":{"red":true}},{"index":60,"settings":{"red":true}},{"index":61,"settings":{"red":true}},{"index":63,"settings":{"red":true}},{"index":64,"settings":{"red":true}},{"index":65,"settings":{"red":true}},{"index":66,"settings":{"red":true}},{"index":67,"settings":{"red":true}},{"index":69,"settings":{"red":true}},{"index":70,"settings":{"red":true}},{"index":71,"settings":{"red":true}},{"index":72,"settings":{"red":true}},{"index":73,"settings":{"red":true}},{"index":74,"settings":{"red":true}},{"index":75,"settings":{"red":true}},{"index":77,"settings":{"red":true}},{"index":78,"settings":{"red":true}},{"index":79,"settings":{"red":true}},{"index":80,"settings":{"red":true}},{"index":81,"settings":{"red":true}},{"index":83,"settings":{"red":true}},{"index":84,"settings":{"red":true}},{"index":85,"settings":{"red":true}},{"index":86,"settings":{"red":true}},{"index":87,"settings":{"red":true}},{"index":88,"settings":{"red":true}},{"index":89,"settings":{"red":true}}]}