{
"lines":[{"index":1,"settings":{"red":true}},{"index":2,"settings":{"red":true}},{"index":4,"settings":{"red":true}},{"index":6,"settings":{"red":true}},{"index":7,"settings":{"red":true}},{"index":9,"settings":{"red":true}},{"index":11,"settings":{"red":true}},{"index":12,"settings":{"red":true}},{"index":14,"settings":{"red":true}},{"index":15,"settings":{"red":true}},{"index":16,"settings":{"red":true}},{"index":19,"settings":{"red":true}},{"index":20,"settings":{"red":true}},{"index":23,"settings":{"red":true}},{"index":24,"settings":{"red":true}},{"index":26,"settings":{"red":true}},{"index":27,"settings":{"red":true}},{"index":30,"settings":{"red":true}},{"index":31,"settings":{"red":true}},{"index":32,"settings":{"red":true}},{"index":33,"settings":{"red":true}},{"index":34,"settings":{"red":true}},{"index":36,"settings":{"red":true}},{"index":38,"settings":{"red":true}},{"index":39,"settings":{"red":true}},{"index":40,"settings":{"red":true}},{"index":41,"settings":{"red":true}},{"index":43,"settings":{"red":true}},{"index":44,"settings":{"red":true}},{"index":45,"settings":{"red":true}}]}