{
"lines":[{"index":1,"settings":{"red":true}},{"index":2,"settings":{"red":true}},{"index":3,"settings":{"red":true}},{"index":5,"settings":{"red":true}},{"index":7,"settings":{"red":true}},{"index":9,"settings":{"red":true}},{"index":11,"settings":{"red":true}},{"index":13,"settings":{"red":true}},{"index":15,"settings":{"red":true}},{"index":17,"settings":{"red":true}},{"index":19,"settings":{"red":true}},{"index":21,"settings":{"red":true}},{"index":23,"settings":{"red":true}},{"index":25,"settings":{"red":true}},{"index":27,"settings":{"red":true}},{"index":29,"settings":{"red":true}},{"index":31,"settings":{"red":true}},{"index":33,"settings":{"red":true}},{"index":35,"settings":{"red":true}},{"index":37,"settings":{"red":true}},{"index":39,"settings":{"red":true}},{"index":41,"settings":{"red":true}},{"index":43,"settings":{"red":true}},{"index":45,"settings":{"red":true}},{"index":47,"settings":{"red":true}},{"index":49,"settings":{"red":true}},{"index":51,"settings":{"red":true}},{"index":53,"settings":{"red":true}},{"index":55,"settings":{"red":true}},{"index":57,"settings":{"red":true}},{"index":59,"settings":{"red":true}},{"index":61,"settings":{"red":true}},{"index":63,"settings":{"red":true}},{"index":65,"settings":{"red":true}},{"index":67,"settings":{"red":true}},{"index":69,"settings":{"red":true}},{"index":71,"settings":{"red":true}},{"index":73,"settings":{"red":true}},{"index":75,"settings":{"red":true}},{"index":77,"settings":{"red":true}},{"index":79,"settings":{"red":true}},{"index":81,"settings":{"red":true}},{"index":83,"settings":{"red":true}},{"index":85,"settings":{"red":true}},{"index":87,"settings":{"red":true}},{"index":89,"settings":{"red":true}},{"index":91,"settings":{"red":true}},{"index":93,"settings":{"red":true}},{"index":95,"settings":{"red":true}},{"index":97,"settings":{"red":true}}]}