{
"lines":[{"index":1,"settings":{"red":true}},{"index":129,"settings":{"red":true}},{"index":3,"settings":{"red":true}},{"index":4,"settings":{"red":true}},{"index":132,"settings":{"red":true}},{"index":5,"settings":{"red":true}},{"index":135,"settings":{"red":true}},{"index":8,"settings":{"red":true}},{"index":138,"settings":{"red":true}},{"index":11,"settings":{"red":true}},{"index":141,"settings":{"red":true}},{"index":14,"settings":{"red":true}},{"index":142,"settings":{"red":true}},{"index":17,"settings":{"red":true}},{"index":145,"settings":{"red":true}},{"index":20,"settings":{"red":true}},{"index":148,"settings":{"red":true}},{"index":23,"settings":{"red":true}},{"index":151,"settings":{"red":true}},{"index":24,"settings":{"red":true}},{"index":154,"settings":{"red":true}},{"index":27,"settings":{"red":true}},{"index":157,"settings":{"red":true}},{"index":30,"settings":{"red":true}},{"index":33,"settings":{"red":true}},{"index":36,"settings":{"red":true}},{"index":39,"settings":{"red":true}},{"index":42,"settings":{"red":true}},{"index":46,"settings":{"red":true}},{"index":47,"settings":{"red":true}},{"index":50,"settings":{"red":true}},{"index":53,"settings":{"red":true}},{"index":56,"settings":{"red":true}},{"index":59,"settings":{"red":true}},{"index":62,"settings":{"red":true}},{"index":65,"settings":{"red":true}},{"index":66,"settings":{"red":true}},{"index":69,"settings":{"red":true}},{"index":72,"settings":{"red":true}},{"index":75,"settings":{"red":true}},{"index":78,"settings":{"red":true}},{"index":81,"settings":{"red":true}},{"index":84,"settings":{"red":true}},{"index":85,"settings":{"red":true}},{"index":88,"settings":{"red":true}},{"index":91,"settings":{"red":true}},{"index":94,"settings":{"red":true}},{"index":97,"settings":{"red":true}},{"index":100,"settings":{"red":true}},{"index":103,"settings":{"red":true}},{"index":104,"settings":{"red":true}},{"index":107,"settings":{"red":true}},{"index":110,"settings":{"red":true}},{"index":113,"settings":{"red":true}},{"index":116,"settings":{"red":true}},{"index":119,"settings":{"red":true}},{"index":122,"settings":{"red":true}},{"index":123,"settings":{"red":true}},{"index":126,"settings":{"red":true}}]}