{
"lines":[{"index":1,"settings":{"red":true}},{"index":3,"settings":{"red":true}},{"index":68,"settings":{"red":true}},{"index":70,"settings":{"red":true}},{"index":39,"settings":{"red":true}},{"index":44,"settings":{"red":true}},{"index":79,"settings":{"red":true}},{"index":18,"settings":{"red":true}},{"index":20,"settings":{"red":true}},{"index":85,"settings":{"red":true}},{"index":56,"settings":{"red":true}},{"index":91,"settings":{"red":true}},{"index":60,"settings":{"red":true}},{"index":62,"settings":{"red":true}},{"index":94,"settings":{"red":true}},{"index":31,"settings":{"red":true}}]}