{
"lines":[{"index":1,"settings":{"red":true}},{"index":3,"settings":{"red":true}},{"index":131,"settings":{"red":true}},{"index":259,"settings":{"red":true}},{"index":134,"settings":{"red":true}},{"index":10,"settings":{"red":true}},{"index":12,"settings":{"red":true}},{"index":77,"settings":{"red":true}},{"index":205,"settings":{"red":true}},{"index":81,"settings":{"red":true}},{"index":147,"settings":{"red":true}},{"index":21,"settings":{"red":true}},{"index":277,"settings":{"red":true}},{"index":87,"settings":{"red":true}},{"index":279,"settings":{"red":true}},{"index":152,"settings":{"red":true}},{"index":25,"settings":{"red":true}},{"index":91,"settings":{"red":true}},{"index":95,"settings":{"red":true}},{"index":287,"settings":{"red":true}},{"index":161,"settings":{"red":true}},{"index":99,"settings":{"red":true}},{"index":38,"settings":{"red":true}},{"index":103,"settings":{"red":true}},{"index":41,"settings":{"red":true}},{"index":107,"settings":{"red":true}},{"index":235,"settings":{"red":true}},{"index":44,"settings":{"red":true}},{"index":174,"settings":{"red":true}},{"index":238,"settings":{"red":true}},{"index":111,"settings":{"red":true}},{"index":50,"settings":{"red":true}},{"index":54,"settings":{"red":true}},{"index":57,"settings":{"red":true}},{"index":122,"settings":{"red":true}},{"index":186,"settings":{"red":true}},{"index":251,"settings":{"red":true}},{"index":188,"settings":{"red":true}},{"index":316,"settings":{"red":true}},{"index":253,"settings":{"red":true}},{"index":126,"settings":{"red":true}},{"index":190,"settings":{"red":true}},{"index":255,"settings":{"red":true}}]}