{
"lines":[{"index":128,"settings":{"red":true}},{"index":1,"settings":{"red":true}},{"index":65,"settings":{"red":true}},{"index":3,"settings":{"red":true}},{"index":68,"settings":{"red":true}},{"index":71,"settings":{"red":true}},{"index":74,"settings":{"red":true}},{"index":139,"settings":{"red":true}},{"index":78,"settings":{"red":true}},{"index":82,"settings":{"red":true}},{"index":19,"settings":{"red":true}},{"index":85,"settings":{"red":true}},{"index":150,"settings":{"red":true}},{"index":25,"settings":{"red":true}},{"index":154,"settings":{"red":true}},{"index":156,"settings":{"red":true}},{"index":96,"settings":{"red":true}},{"index":34,"settings":{"red":true}},{"index":166,"settings":{"red":true}},{"index":113,"settings":{"red":true}},{"index":51,"settings":{"red":true}},{"index":116,"settings":{"red":true}},{"index":54,"settings":{"red":true}},{"index":119,"settings":{"red":true}},{"index":59,"settings":{"red":true}},{"index":125,"settings":{"red":true}},{"index":62,"settings":{"red":true}}]}