{
"lines":[{"index":128,"settings":{"red":true}},{"index":1,"settings":{"red":true}},{"index":193,"settings":{"red":true}},{"index":3,"settings":{"red":true}},{"index":68,"settings":{"red":true}},{"index":135,"settings":{"red":true}},{"index":137,"settings":{"red":true}},{"index":139,"settings":{"red":true}},{"index":207,"settings":{"red":true}},{"index":146,"settings":{"red":true}},{"index":19,"settings":{"red":true}},{"index":21,"settings":{"red":true}},{"index":86,"settings":{"red":true}},{"index":23,"settings":{"red":true}},{"index":90,"settings":{"red":true}},{"index":27,"settings":{"red":true}},{"index":29,"settings":{"red":true}},{"index":31,"settings":{"red":true}},{"index":101,"settings":{"red":true}},{"index":168,"settings":{"red":true}},{"index":107,"settings":{"red":true}},{"index":109,"settings":{"red":true}},{"index":111,"settings":{"red":true}},{"index":179,"settings":{"red":true}},{"index":181,"settings":{"red":true}},{"index":119,"settings":{"red":true}},{"index":184,"settings":{"red":true}},{"index":188,"settings":{"red":true}},{"index":63,"settings":{"red":true}}]}