{
"lines":[{"index":1,"settings":{"red":true}},{"index":3,"settings":{"red":true}},{"index":68,"settings":{"red":true}},{"index":70,"settings":{"red":true}},{"index":41,"settings":{"red":true}},{"index":73,"settings":{"red":true}},{"index":43,"settings":{"red":true}},{"index":45,"settings":{"red":true}},{"index":77,"settings":{"red":true}},{"index":47,"settings":{"red":true}},{"index":80,"settings":{"red":true}},{"index":49,"settings":{"red":true}},{"index":18,"settings":{"red":true}},{"index":51,"settings":{"red":true}},{"index":83,"settings":{"red":true}},{"index":20,"settings":{"red":true}},{"index":22,"settings":{"red":true}},{"index":24,"settings":{"red":true}},{"index":56,"settings":{"red":true}},{"index":61,"settings":{"red":true}},{"index":31,"settings":{"red":true}}]}