{
"lines":[{"index":1,"settings":{"red":true}},{"index":321,"settings":{"red":true}},{"index":258,"settings":{"red":true}},{"index":132,"settings":{"red":true}},{"index":69,"settings":{"red":true}},{"index":199,"settings":{"red":true}},{"index":202,"settings":{"red":true}},{"index":268,"settings":{"red":true}},{"index":141,"settings":{"red":true}},{"index":79,"settings":{"red":true}},{"index":16,"settings":{"red":true}},{"index":20,"settings":{"red":true}},{"index":212,"settings":{"red":true}},{"index":151,"settings":{"red":true}},{"index":279,"settings":{"red":true}},{"index":88,"settings":{"red":true}},{"index":221,"settings":{"red":true}},{"index":30,"settings":{"red":true}},{"index":32,"settings":{"red":true}},{"index":160,"settings":{"red":true}},{"index":288,"settings":{"red":true}},{"index":98,"settings":{"red":true}},{"index":290,"settings":{"red":true}},{"index":35,"settings":{"red":true}},{"index":101,"settings":{"red":true}},{"index":293,"settings":{"red":true}},{"index":230,"settings":{"red":true}},{"index":39,"settings":{"red":true}},{"index":104,"settings":{"red":true}},{"index":41,"settings":{"red":true}},{"index":169,"settings":{"red":true}},{"index":297,"settings":{"red":true}},{"index":107,"settings":{"red":true}},{"index":299,"settings":{"red":true}},{"index":111,"settings":{"red":true}},{"index":240,"settings":{"red":true}},{"index":51,"settings":{"red":true}},{"index":179,"settings":{"red":true}},{"index":307,"settings":{"red":true}},{"index":310,"settings":{"red":true}},{"index":121,"settings":{"red":true}},{"index":249,"settings":{"red":true}},{"index":313,"settings":{"red":true}},{"index":315,"settings":{"red":true}},{"index":60,"settings":{"red":true}},{"index":188,"settings":{"red":true}}]}