{
"lines":[{"index":1,"settings":{"red":true}},{"index":65,"settings":{"red":true}},{"index":129,"settings":{"red":true}},{"index":131,"settings":{"red":true}},{"index":133,"settings":{"red":true}},{"index":135,"settings":{"red":true}},{"index":73,"settings":{"red":true}},{"index":137,"settings":{"red":true}},{"index":75,"settings":{"red":true}},{"index":139,"settings":{"red":true}},{"index":141,"settings":{"red":true}},{"index":143,"settings":{"red":true}},{"index":16,"settings":{"red":true}},{"index":145,"settings":{"red":true}},{"index":18,"settings":{"red":true}},{"index":83,"settings":{"red":true}},{"index":147,"settings":{"red":true}},{"index":20,"settings":{"red":true}},{"index":149,"settings":{"red":true}},{"index":24,"settings":{"red":true}},{"index":154,"settings":{"red":true}},{"index":91,"settings":{"red":true}},{"index":156,"settings":{"red":true}},{"index":30,"settings":{"red":true}},{"index":32,"settings":{"red":true}},{"index":33,"settings":{"red":true}},{"index":161,"settings":{"red":true}},{"index":164,"settings":{"red":true}},{"index":101,"settings":{"red":true}},{"index":167,"settings":{"red":true}},{"index":41,"settings":{"red":true}},{"index":110,"settings":{"red":true}},{"index":49,"settings":{"red":true}},{"index":117,"settings":{"red":true}},{"index":57,"settings":{"red":true}},{"index":123,"settings":{"red":true}},{"index":127,"settings":{"red":true}}]}