{
"lines":[{"index":32,"settings":{"red":true}},{"index":1,"settings":{"red":true}},{"index":35,"settings":{"red":true}},{"index":4,"settings":{"red":true}},{"index":6,"settings":{"red":true}},{"index":39,"settings":{"red":true}},{"index":8,"settings":{"red":true}},{"index":10,"settings":{"red":true}},{"index":42,"settings":{"red":true}},{"index":12,"settings":{"red":true}},{"index":14,"settings":{"red":true}},{"index":46,"settings":{"red":true}},{"index":17,"settings":{"red":true}},{"index":20,"settings":{"red":true}},{"index":23,"settings":{"red":true}},{"index":25,"settings":{"red":true}}]}