{
"lines":[{"index":1,"settings":{"red":true}},{"index":33,"settings":{"red":true}},{"index":66,"settings":{"red":true}},{"index":68,"settings":{"red":true}},{"index":100,"settings":{"red":true}},{"index":5,"settings":{"red":true}},{"index":70,"settings":{"red":true}},{"index":102,"settings":{"red":true}},{"index":72,"settings":{"red":true}},{"index":43,"settings":{"red":true}},{"index":45,"settings":{"red":true}},{"index":109,"settings":{"red":true}},{"index":47,"settings":{"red":true}},{"index":79,"settings":{"red":true}},{"index":49,"settings":{"red":true}},{"index":20,"settings":{"red":true}},{"index":116,"settings":{"red":true}},{"index":22,"settings":{"red":true}},{"index":24,"settings":{"red":true}},{"index":56,"settings":{"red":true}},{"index":89,"settings":{"red":true}},{"index":26,"settings":{"red":true}},{"index":91,"settings":{"red":true}},{"index":93,"settings":{"red":true}}]}