{
"lines":[{"index":64,"settings":{"red":true}},{"index":1,"settings":{"red":true}},{"index":2,"settings":{"red":true}},{"index":66,"settings":{"red":true}},{"index":4,"settings":{"red":true}},{"index":68,"settings":{"red":true}},{"index":6,"settings":{"red":true}},{"index":70,"settings":{"red":true}},{"index":71,"settings":{"red":true}},{"index":8,"settings":{"red":true}},{"index":72,"settings":{"red":true}},{"index":10,"settings":{"red":true}},{"index":74,"settings":{"red":true}},{"index":12,"settings":{"red":true}},{"index":14,"settings":{"red":true}},{"index":16,"settings":{"red":true}},{"index":18,"settings":{"red":true}},{"index":20,"settings":{"red":true}},{"index":22,"settings":{"red":true}},{"index":24,"settings":{"red":true}},{"index":26,"settings":{"red":true}},{"index":27,"settings":{"red":true}},{"index":29,"settings":{"red":true}},{"index":31,"settings":{"red":true}},{"index":33,"settings":{"red":true}},{"index":35,"settings":{"red":true}},{"index":37,"settings":{"red":true}},{"index":39,"settings":{"red":true}},{"index":41,"settings":{"red":true}},{"index":43,"settings":{"red":true}},{"index":45,"settings":{"red":true}},{"index":47,"settings":{"red":true}},{"index":49,"settings":{"red":true}},{"index":51,"settings":{"red":true}},{"index":52,"settings":{"red":true}},{"index":54,"settings":{"red":true}},{"index":56,"settings":{"red":true}},{"index":58,"settings":{"red":true}},{"index":60,"settings":{"red":true}},{"index":62,"settings":{"red":true}}]}