{
"lines":[{"index":1,"settings":{"red":true}},{"index":33,"settings":{"red":true}},{"index":2,"settings":{"red":true}},{"index":35,"settings":{"red":true}},{"index":4,"settings":{"red":true}},{"index":37,"settings":{"red":true}},{"index":6,"settings":{"red":true}},{"index":38,"settings":{"red":true}},{"index":8,"settings":{"red":true}},{"index":40,"settings":{"red":true}},{"index":10,"settings":{"red":true}},{"index":42,"settings":{"red":true}},{"index":12,"settings":{"red":true}},{"index":44,"settings":{"red":true}},{"index":14,"settings":{"red":true}},{"index":16,"settings":{"red":true}},{"index":18,"settings":{"red":true}},{"index":19,"settings":{"red":true}},{"index":21,"settings":{"red":true}},{"index":23,"settings":{"red":true}},{"index":25,"settings":{"red":true}},{"index":27,"settings":{"red":true}},{"index":29,"settings":{"red":true}},{"index":31,"settings":{"red":true}}]}