{
"lines":[{"index":1,"settings":{"red":true}},{"index":2,"settings":{"red":true}},{"index":3,"settings":{"red":true}},{"index":5,"settings":{"red":true}},{"index":7,"settings":{"red":true}},{"index":9,"settings":{"red":true}},{"index":11,"settings":{"red":true}},{"index":13,"settings":{"red":true}},{"index":15,"settings":{"red":true}},{"index":17,"settings":{"red":true}},{"index":19,"settings":{"red":true}},{"index":21,"settings":{"red":true}},{"index":23,"settings":{"red":true}},{"index":25,"settings":{"red":true}},{"index":27,"settings":{"red":true}},{"index":29,"settings":{"red":true}},{"index":30,"settings":{"red":true}},{"index":32,"settings":{"red":true}},{"index":34,"settings":{"red":true}},{"index":36,"settings":{"red":true}},{"index":38,"settings":{"red":true}},{"index":40,"settings":{"red":true}},{"index":42,"settings":{"red":true}},{"index":44,"settings":{"red":true}},{"index":46,"settings":{"red":true}},{"index":48,"settings":{"red":true}},{"index":50,"settings":{"red":true}},{"index":52,"settings":{"red":true}},{"index":54,"settings":{"red":true}},{"index":55,"settings":{"red":true}}]}