{
"lines":[{"index":1,"settings":{"red":true}},{"index":129,"settings":{"red":true}},{"index":2,"settings":{"red":true}},{"index":130,"settings":{"red":true}},{"index":131,"settings":{"red":true}},{"index":4,"settings":{"red":true}},{"index":132,"settings":{"red":true}},{"index":6,"settings":{"red":true}},{"index":134,"settings":{"red":true}},{"index":135,"settings":{"red":true}},{"index":8,"settings":{"red":true}},{"index":136,"settings":{"red":true}},{"index":9,"settings":{"red":true}},{"index":137,"settings":{"red":true}},{"index":11,"settings":{"red":true}},{"index":139,"settings":{"red":true}},{"index":140,"settings":{"red":true}},{"index":13,"settings":{"red":true}},{"index":141,"settings":{"red":true}},{"index":15,"settings":{"red":true}},{"index":143,"settings":{"red":true}},{"index":17,"settings":{"red":true}},{"index":146,"settings":{"red":true}},{"index":19,"settings":{"red":true}},{"index":148,"settings":{"red":true}},{"index":21,"settings":{"red":true}},{"index":150,"settings":{"red":true}},{"index":23,"settings":{"red":true}},{"index":24,"settings":{"red":true}},{"index":152,"settings":{"red":true}},{"index":26,"settings":{"red":true}},{"index":154,"settings":{"red":true}},{"index":28,"settings":{"red":true}},{"index":156,"settings":{"red":true}},{"index":29,"settings":{"red":true}},{"index":30,"settings":{"red":true}},{"index":158,"settings":{"red":true}},{"index":32,"settings":{"red":true}},{"index":160,"settings":{"red":true}},{"index":34,"settings":{"red":true}},{"index":162,"settings":{"red":true}},{"index":36,"settings":{"red":true}},{"index":38,"settings":{"red":true}},{"index":39,"settings":{"red":true}},{"index":41,"settings":{"red":true}},{"index":43,"settings":{"red":true}},{"index":45,"settings":{"red":true}},{"index":47,"settings":{"red":true}},{"index":49,"settings":{"red":true}},{"index":51,"settings":{"red":true}},{"index":53,"settings":{"red":true}},{"index":55,"settings":{"red":true}},{"index":57,"settings":{"red":true}},{"index":59,"settings":{"red":true}},{"index":60,"settings":{"red":true}},{"index":62,"settings":{"red":true}},{"index":64,"settings":{"red":true}},{"index":66,"settings":{"red":true}},{"index":68,"settings":{"red":true}},{"index":70,"settings":{"red":true}},{"index":72,"settings":{"red":true}},{"index":74,"settings":{"red":true}},{"index":76,"settings":{"red":true}},{"index":78,"settings":{"red":true}},{"index":80,"settings":{"red":true}},{"index":82,"settings":{"red":true}},{"index":83,"settings":{"red":true}},{"index":85,"settings":{"red":true}},{"index":87,"settings":{"red":true}},{"index":89,"settings":{"red":true}},{"index":91,"settings":{"red":true}},{"index":92,"settings":{"red":true}},{"index":94,"settings":{"red":true}},{"index":97,"settings":{"red":true}},{"index":98,"settings":{"red":true}},{"index":99,"settings":{"red":true}},{"index":101,"settings":{"red":true}},{"index":102,"settings":{"red":true}},{"index":103,"settings":{"red":true}},{"index":104,"settings":{"red":true}},{"index":105,"settings":{"red":true}},{"index":108,"settings":{"red":true}},{"index":110,"settings":{"red":true}},{"index":112,"settings":{"red":true}},{"index":114,"settings":{"red":true}},{"index":116,"settings":{"red":true}},{"index":117,"settings":{"red":true}},{"index":119,"settings":{"red":true}},{"index":122,"settings":{"red":true}},{"index":124,"settings":{"red":true}},{"index":125,"settings":{"red":true}},{"index":127,"settings":{"red":true}}]}