{
"lines":[{"index":1,"settings":{"red":true}},{"index":2,"settings":{"red":true}},{"index":4,"settings":{"red":true}},{"index":6,"settings":{"red":true}},{"index":8,"settings":{"red":true}},{"index":10,"settings":{"red":true}},{"index":12,"settings":{"red":true}},{"index":14,"settings":{"red":true}},{"index":15,"settings":{"red":true}},{"index":17,"settings":{"red":true}},{"index":19,"settings":{"red":true}},{"index":21,"settings":{"red":true}},{"index":23,"settings":{"red":true}},{"index":25,"settings":{"red":true}},{"index":27,"settings":{"red":true}},{"index":28,"settings":{"red":true}},{"index":30,"settings":{"red":true}},{"index":32,"settings":{"red":true}},{"index":35,"settings":{"red":true}},{"index":36,"settings":{"red":true}},{"index":37,"settings":{"red":true}},{"index":38,"settings":{"red":true}},{"index":39,"settings":{"red":true}},{"index":41,"settings":{"red":true}},{"index":44,"settings":{"red":true}},{"index":46,"settings":{"red":true}},{"index":47,"settings":{"red":true}},{"index":49,"settings":{"red":true}},{"index":51,"settings":{"red":true}},{"index":53,"settings":{"red":true}},{"index":55,"settings":{"red":true}},{"index":57,"settings":{"red":true}},{"index":59,"settings":{"red":true}},{"index":61,"settings":{"red":true}},{"index":63,"settings":{"red":true}},{"index":64,"settings":{"red":true}},{"index":66,"settings":{"red":true}},{"index":68,"settings":{"red":true}},{"index":70,"settings":{"red":true}},{"index":72,"settings":{"red":true}},{"index":75,"settings":{"red":true}},{"index":76,"settings":{"red":true}},{"index":77,"settings":{"red":true}},{"index":78,"settings":{"red":true}},{"index":80,"settings":{"red":true}},{"index":82,"settings":{"red":true}},{"index":83,"settings":{"red":true}},{"index":85,"settings":{"red":true}},{"index":86,"settings":{"red":true}},{"index":88,"settings":{"red":true}},{"index":90,"settings":{"red":true}},{"index":92,"settings":{"red":true}},{"index":94,"settings":{"red":true}},{"index":96,"settings":{"red":true}},{"index":98,"settings":{"red":true}},{"index":101,"settings":{"red":true}},{"index":104,"settings":{"red":true}},{"index":107,"settings":{"red":true}},{"index":108,"settings":{"red":true}},{"index":109,"settings":{"red":true}},{"index":110,"settings":{"red":true}},{"index":111,"settings":{"red":true}},{"index":114,"settings":{"red":true}},{"index":115,"settings":{"red":true}},{"index":117,"settings":{"red":true}},{"index":118,"settings":{"red":true}},{"index":120,"settings":{"red":true}},{"index":121,"settings":{"red":true}}]}