{
"lines":[{"index":128,"settings":{"red":true}},{"index":1,"settings":{"red":true}},{"index":2,"settings":{"red":true}},{"index":130,"settings":{"red":true}},{"index":4,"settings":{"red":true}},{"index":133,"settings":{"red":true}},{"index":6,"settings":{"red":true}},{"index":7,"settings":{"red":true}},{"index":135,"settings":{"red":true}},{"index":136,"settings":{"red":true}},{"index":12,"settings":{"red":true}},{"index":140,"settings":{"red":true}},{"index":141,"settings":{"red":true}},{"index":14,"settings":{"red":true}},{"index":142,"settings":{"red":true}},{"index":15,"settings":{"red":true}},{"index":143,"settings":{"red":true}},{"index":145,"settings":{"red":true}},{"index":18,"settings":{"red":true}},{"index":147,"settings":{"red":true}},{"index":20,"settings":{"red":true}},{"index":148,"settings":{"red":true}},{"index":23,"settings":{"red":true}},{"index":24,"settings":{"red":true}},{"index":28,"settings":{"red":true}},{"index":30,"settings":{"red":true}},{"index":32,"settings":{"red":true}},{"index":34,"settings":{"red":true}},{"index":36,"settings":{"red":true}},{"index":37,"settings":{"red":true}},{"index":39,"settings":{"red":true}},{"index":41,"settings":{"red":true}},{"index":44,"settings":{"red":true}},{"index":46,"settings":{"red":true}},{"index":48,"settings":{"red":true}},{"index":50,"settings":{"red":true}},{"index":52,"settings":{"red":true}},{"index":54,"settings":{"red":true}},{"index":56,"settings":{"red":true}},{"index":59,"settings":{"red":true}},{"index":61,"settings":{"red":true}},{"index":63,"settings":{"red":true}},{"index":65,"settings":{"red":true}},{"index":67,"settings":{"red":true}},{"index":69,"settings":{"red":true}},{"index":70,"settings":{"red":true}},{"index":72,"settings":{"red":true}},{"index":73,"settings":{"red":true}},{"index":76,"settings":{"red":true}},{"index":77,"settings":{"red":true}},{"index":79,"settings":{"red":true}},{"index":81,"settings":{"red":true}},{"index":83,"settings":{"red":true}},{"index":85,"settings":{"red":true}},{"index":87,"settings":{"red":true}},{"index":89,"settings":{"red":true}},{"index":91,"settings":{"red":true}},{"index":93,"settings":{"red":true}},{"index":95,"settings":{"red":true}},{"index":97,"settings":{"red":true}},{"index":99,"settings":{"red":true}},{"index":101,"settings":{"red":true}},{"index":103,"settings":{"red":true}},{"index":106,"settings":{"red":true}},{"index":108,"settings":{"red":true}},{"index":110,"settings":{"red":true}},{"index":112,"settings":{"red":true}},{"index":113,"settings":{"red":true}},{"index":115,"settings":{"red":true}},{"index":117,"settings":{"red":true}},{"index":119,"settings":{"red":true}},{"index":121,"settings":{"red":true}},{"index":123,"settings":{"red":true}},{"index":126,"settings":{"red":true}}]}