{
"lines":[{"index":128,"settings":{"red":true}},{"index":1,"settings":{"red":true}},{"index":2,"settings":{"red":true}},{"index":130,"settings":{"red":true}},{"index":3,"settings":{"red":true}},{"index":132,"settings":{"red":true}},{"index":5,"settings":{"red":true}},{"index":133,"settings":{"red":true}},{"index":7,"settings":{"red":true}},{"index":8,"settings":{"red":true}},{"index":9,"settings":{"red":true}},{"index":11,"settings":{"red":true}},{"index":13,"settings":{"red":true}},{"index":14,"settings":{"red":true}},{"index":15,"settings":{"red":true}},{"index":17,"settings":{"red":true}},{"index":18,"settings":{"red":true}},{"index":20,"settings":{"red":true}},{"index":21,"settings":{"red":true}},{"index":23,"settings":{"red":true}},{"index":25,"settings":{"red":true}},{"index":26,"settings":{"red":true}},{"index":27,"settings":{"red":true}},{"index":30,"settings":{"red":true}},{"index":31,"settings":{"red":true}},{"index":35,"settings":{"red":true}},{"index":37,"settings":{"red":true}},{"index":40,"settings":{"red":true}},{"index":42,"settings":{"red":true}},{"index":44,"settings":{"red":true}},{"index":46,"settings":{"red":true}},{"index":47,"settings":{"red":true}},{"index":49,"settings":{"red":true}},{"index":51,"settings":{"red":true}},{"index":52,"settings":{"red":true}},{"index":53,"settings":{"red":true}},{"index":55,"settings":{"red":true}},{"index":57,"settings":{"red":true}},{"index":59,"settings":{"red":true}},{"index":61,"settings":{"red":true}},{"index":63,"settings":{"red":true}},{"index":65,"settings":{"red":true}},{"index":67,"settings":{"red":true}},{"index":69,"settings":{"red":true}},{"index":71,"settings":{"red":true}},{"index":73,"settings":{"red":true}},{"index":75,"settings":{"red":true}},{"index":78,"settings":{"red":true}},{"index":80,"settings":{"red":true}},{"index":81,"settings":{"red":true}},{"index":82,"settings":{"red":true}},{"index":84,"settings":{"red":true}},{"index":85,"settings":{"red":true}},{"index":88,"settings":{"red":true}},{"index":89,"settings":{"red":true}},{"index":92,"settings":{"red":true}},{"index":94,"settings":{"red":true}},{"index":96,"settings":{"red":true}},{"index":97,"settings":{"red":true}},{"index":99,"settings":{"red":true}},{"index":101,"settings":{"red":true}},{"index":102,"settings":{"red":true}},{"index":104,"settings":{"red":true}},{"index":105,"settings":{"red":true}},{"index":106,"settings":{"red":true}},{"index":107,"settings":{"red":true}},{"index":108,"settings":{"red":true}},{"index":109,"settings":{"red":true}},{"index":110,"settings":{"red":true}},{"index":111,"settings":{"red":true}},{"index":114,"settings":{"red":true}},{"index":117,"settings":{"red":true}},{"index":118,"settings":{"red":true}},{"index":119,"settings":{"red":true}},{"index":121,"settings":{"red":true}},{"index":123,"settings":{"red":true}},{"index":124,"settings":{"red":true}},{"index":126,"settings":{"red":true}}]}