{
"lines":[{"index":1,"settings":{"red":true}},{"index":2,"settings":{"red":true}},{"index":3,"settings":{"red":true}},{"index":5,"settings":{"red":true}},{"index":7,"settings":{"red":true}},{"index":9,"settings":{"red":true}},{"index":10,"settings":{"red":true}},{"index":12,"settings":{"red":true}},{"index":14,"settings":{"red":true}},{"index":15,"settings":{"red":true}},{"index":16,"settings":{"red":true}},{"index":18,"settings":{"red":true}},{"index":19,"settings":{"red":true}},{"index":20,"settings":{"red":true}},{"index":22,"settings":{"red":true}},{"index":24,"settings":{"red":true}},{"index":25,"settings":{"red":true}},{"index":26,"settings":{"red":true}},{"index":28,"settings":{"red":true}},{"index":30,"settings":{"red":true}},{"index":31,"settings":{"red":true}},{"index":32,"settings":{"red":true}},{"index":34,"settings":{"red":true}},{"index":36,"settings":{"red":true}},{"index":37,"settings":{"red":true}},{"index":38,"settings":{"red":true}},{"index":40,"settings":{"red":true}},{"index":42,"settings":{"red":true}},{"index":43,"settings":{"red":true}},{"index":44,"settings":{"red":true}},{"index":46,"settings":{"red":true}},{"index":48,"settings":{"red":true}},{"index":49,"settings":{"red":true}},{"index":50,"settings":{"red":true}},{"index":52,"settings":{"red":true}},{"index":54,"settings":{"red":true}},{"index":55,"settings":{"red":true}},{"index":56,"settings":{"red":true}},{"index":57,"settings":{"red":true}},{"index":58,"settings":{"red":true}},{"index":60,"settings":{"red":true}},{"index":61,"settings":{"red":true}},{"index":62,"settings":{"red":true}},{"index":63,"settings":{"red":true}},{"index":65,"settings":{"red":true}},{"index":67,"settings":{"red":true}},{"index":68,"settings":{"red":true}},{"index":69,"settings":{"red":true}},{"index":71,"settings":{"red":true}},{"index":73,"settings":{"red":true}},{"index":74,"settings":{"red":true}},{"index":75,"settings":{"red":true}},{"index":77,"settings":{"red":true}},{"index":79,"settings":{"red":true}},{"index":80,"settings":{"red":true}},{"index":81,"settings":{"red":true}},{"index":83,"settings":{"red":true}},{"index":85,"settings":{"red":true}},{"index":86,"settings":{"red":true}},{"index":87,"settings":{"red":true}},{"index":89,"settings":{"red":true}},{"index":91,"settings":{"red":true}},{"index":92,"settings":{"red":true}},{"index":93,"settings":{"red":true}},{"index":95,"settings":{"red":true}},{"index":97,"settings":{"red":true}},{"index":98,"settings":{"red":true}},{"index":99,"settings":{"red":true}},{"index":101,"settings":{"red":true}},{"index":103,"settings":{"red":true}},{"index":104,"settings":{"red":true}},{"index":105,"settings":{"red":true}},{"index":106,"settings":{"red":true}},{"index":107,"settings":{"red":true}},{"index":109,"settings":{"red":true}},{"index":110,"settings":{"red":true}},{"index":111,"settings":{"red":true}},{"index":113,"settings":{"red":true}},{"index":115,"settings":{"red":true}},{"index":116,"settings":{"red":true}},{"index":117,"settings":{"red":true}},{"index":119,"settings":{"red":true}},{"index":121,"settings":{"red":true}},{"index":122,"settings":{"red":true}},{"index":123,"settings":{"red":true}},{"index":125,"settings":{"red":true}},{"index":127,"settings":{"red":true}},{"index":128,"settings":{"red":true}},{"index":129,"settings":{"red":true}},{"index":131,"settings":{"red":true}},{"index":133,"settings":{"red":true}},{"index":134,"settings":{"red":true}},{"index":135,"settings":{"red":true}},{"index":137,"settings":{"red":true}},{"index":139,"settings":{"red":true}},{"index":140,"settings":{"red":true}},{"index":141,"settings":{"red":true}},{"index":142,"settings":{"red":true}},{"index":143,"settings":{"red":true}},{"index":144,"settings":{"red":true}},{"index":146,"settings":{"red":true}},{"index":148,"settings":{"red":true}},{"index":149,"settings":{"red":true}},{"index":150,"settings":{"red":true}},{"index":152,"settings":{"red":true}},{"index":154,"settings":{"red":true}},{"index":155,"settings":{"red":true}},{"index":156,"settings":{"red":true}},{"index":158,"settings":{"red":true}},{"index":160,"settings":{"red":true}},{"index":161,"settings":{"red":true}},{"index":162,"settings":{"red":true}},{"index":164,"settings":{"red":true}},{"index":166,"settings":{"red":true}},{"index":167,"settings":{"red":true}},{"index":168,"settings":{"red":true}},{"index":170,"settings":{"red":true}},{"index":172,"settings":{"red":true}},{"index":173,"settings":{"red":true}},{"index":174,"settings":{"red":true}},{"index":176,"settings":{"red":true}},{"index":178,"settings":{"red":true}},{"index":180,"settings":{"red":true}},{"index":182,"settings":{"red":true}},{"index":183,"settings":{"red":true}},{"index":184,"settings":{"red":true}},{"index":186,"settings":{"red":true}},{"index":188,"settings":{"red":true}},{"index":189,"settings":{"red":true}},{"index":190,"settings":{"red":true}},{"index":192,"settings":{"red":true}},{"index":194,"settings":{"red":true}},{"index":195,"settings":{"red":true}},{"index":196,"settings":{"red":true}},{"index":198,"settings":{"red":true}},{"index":200,"settings":{"red":true}},{"index":201,"settings":{"red":true}},{"index":202,"settings":{"red":true}},{"index":204,"settings":{"red":true}},{"index":206,"settings":{"red":true}},{"index":207,"settings":{"red":true}},{"index":208,"settings":{"red":true}},{"index":210,"settings":{"red":true}},{"index":212,"settings":{"red":true}}]}