{
"lines":[{"index":1,"settings":{"red":true}},{"index":2,"settings":{"red":true}},{"index":3,"settings":{"red":true}},{"index":4,"settings":{"red":true}},{"index":7,"settings":{"red":true}},{"index":9,"settings":{"red":true}},{"index":10,"settings":{"red":true}},{"index":12,"settings":{"red":true}},{"index":13,"settings":{"red":true}},{"index":15,"settings":{"red":true}},{"index":16,"settings":{"red":true}},{"index":17,"settings":{"red":true}},{"index":18,"settings":{"red":true}},{"index":19,"settings":{"red":true}},{"index":20,"settings":{"red":true}},{"index":21,"settings":{"red":true}},{"index":22,"settings":{"red":true}},{"index":23,"settings":{"red":true}},{"index":24,"settings":{"red":true}},{"index":28,"settings":{"red":true}},{"index":29,"settings":{"red":true}},{"index":32,"settings":{"red":true}},{"index":34,"settings":{"red":true}},{"index":35,"settings":{"red":true}},{"index":36,"settings":{"red":true}},{"index":38,"settings":{"red":true}},{"index":39,"settings":{"red":true}},{"index":41,"settings":{"red":true}},{"index":44,"settings":{"red":true}},{"index":45,"settings":{"red":true}},{"index":46,"settings":{"red":true}},{"index":49,"settings":{"red":true}}]}