{
"lines":[{"index":32,"settings":{"red":true}},{"index":1,"settings":{"red":true}},{"index":33,"settings":{"red":true}},{"index":2,"settings":{"red":true}},{"index":3,"settings":{"red":true}},{"index":35,"settings":{"red":true}},{"index":36,"settings":{"red":true}},{"index":5,"settings":{"red":true}},{"index":6,"settings":{"red":true}},{"index":8,"settings":{"red":true}},{"index":9,"settings":{"red":true}},{"index":10,"settings":{"red":true}},{"index":12,"settings":{"red":true}},{"index":13,"settings":{"red":true}},{"index":14,"settings":{"red":true}},{"index":15,"settings":{"red":true}},{"index":17,"settings":{"red":true}},{"index":20,"settings":{"red":true}},{"index":22,"settings":{"red":true}},{"index":24,"settings":{"red":true}},{"index":25,"settings":{"red":true}},{"index":27,"settings":{"red":true}},{"index":29,"settings":{"red":true}},{"index":30,"settings":{"red":true}}]}