{
"lines":[{"index":64,"settings":{"red":true}},{"index":1,"settings":{"red":true}},{"index":2,"settings":{"red":true}},{"index":66,"settings":{"red":true}},{"index":4,"settings":{"red":true}},{"index":68,"settings":{"red":true}},{"index":6,"settings":{"red":true}},{"index":70,"settings":{"red":true}},{"index":8,"settings":{"red":true}},{"index":72,"settings":{"red":true}},{"index":10,"settings":{"red":true}},{"index":74,"settings":{"red":true}},{"index":12,"settings":{"red":true}},{"index":76,"settings":{"red":true}},{"index":14,"settings":{"red":true}},{"index":78,"settings":{"red":true}},{"index":16,"settings":{"red":true}},{"index":80,"settings":{"red":true}},{"index":18,"settings":{"red":true}},{"index":82,"settings":{"red":true}},{"index":20,"settings":{"red":true}},{"index":22,"settings":{"red":true}},{"index":24,"settings":{"red":true}},{"index":26,"settings":{"red":true}},{"index":28,"settings":{"red":true}},{"index":30,"settings":{"red":true}},{"index":32,"settings":{"red":true}},{"index":34,"settings":{"red":true}},{"index":36,"settings":{"red":true}},{"index":38,"settings":{"red":true}},{"index":40,"settings":{"red":true}},{"index":42,"settings":{"red":true}},{"index":44,"settings":{"red":true}},{"index":46,"settings":{"red":true}},{"index":48,"settings":{"red":true}},{"index":50,"settings":{"red":true}},{"index":52,"settings":{"red":true}},{"index":54,"settings":{"red":true}},{"index":56,"settings":{"red":true}},{"index":58,"settings":{"red":true}},{"index":60,"settings":{"red":true}},{"index":62,"settings":{"red":true}}]}