{
"lines":[{"index":128,"settings":{"red":true}},{"index":1,"settings":{"red":true}},{"index":2,"settings":{"red":true}},{"index":130,"settings":{"red":true}},{"index":4,"settings":{"red":true}},{"index":132,"settings":{"red":true}},{"index":6,"settings":{"red":true}},{"index":134,"settings":{"red":true}},{"index":8,"settings":{"red":true}},{"index":136,"settings":{"red":true}},{"index":10,"settings":{"red":true}},{"index":138,"settings":{"red":true}},{"index":12,"settings":{"red":true}},{"index":140,"settings":{"red":true}},{"index":14,"settings":{"red":true}},{"index":142,"settings":{"red":true}},{"index":16,"settings":{"red":true}},{"index":144,"settings":{"red":true}},{"index":18,"settings":{"red":true}},{"index":146,"settings":{"red":true}},{"index":20,"settings":{"red":true}},{"index":148,"settings":{"red":true}},{"index":22,"settings":{"red":true}},{"index":150,"settings":{"red":true}},{"index":24,"settings":{"red":true}},{"index":152,"settings":{"red":true}},{"index":26,"settings":{"red":true}},{"index":154,"settings":{"red":true}},{"index":28,"settings":{"red":true}},{"index":156,"settings":{"red":true}},{"index":30,"settings":{"red":true}},{"index":158,"settings":{"red":true}},{"index":32,"settings":{"red":true}},{"index":160,"settings":{"red":true}},{"index":34,"settings":{"red":true}},{"index":162,"settings":{"red":true}},{"index":36,"settings":{"red":true}},{"index":38,"settings":{"red":true}},{"index":40,"settings":{"red":true}},{"index":42,"settings":{"red":true}},{"index":44,"settings":{"red":true}},{"index":46,"settings":{"red":true}},{"index":48,"settings":{"red":true}},{"index":50,"settings":{"red":true}},{"index":52,"settings":{"red":true}},{"index":54,"settings":{"red":true}},{"index":56,"settings":{"red":true}},{"index":58,"settings":{"red":true}},{"index":60,"settings":{"red":true}},{"index":62,"settings":{"red":true}},{"index":64,"settings":{"red":true}},{"index":66,"settings":{"red":true}},{"index":68,"settings":{"red":true}},{"index":70,"settings":{"red":true}},{"index":72,"settings":{"red":true}},{"index":74,"settings":{"red":true}},{"index":76,"settings":{"red":true}},{"index":78,"settings":{"red":true}},{"index":80,"settings":{"red":true}},{"index":82,"settings":{"red":true}},{"index":84,"settings":{"red":true}},{"index":86,"settings":{"red":true}},{"index":88,"settings":{"red":true}},{"index":90,"settings":{"red":true}},{"index":92,"settings":{"red":true}},{"index":94,"settings":{"red":true}},{"index":96,"settings":{"red":true}},{"index":98,"settings":{"red":true}},{"index":100,"settings":{"red":true}},{"index":102,"settings":{"red":true}},{"index":104,"settings":{"red":true}},{"index":106,"settings":{"red":true}},{"index":108,"settings":{"red":true}},{"index":110,"settings":{"red":true}},{"index":112,"settings":{"red":true}},{"index":114,"settings":{"red":true}},{"index":116,"settings":{"red":true}},{"index":118,"settings":{"red":true}},{"index":120,"settings":{"red":true}},{"index":122,"settings":{"red":true}},{"index":124,"settings":{"red":true}},{"index":126,"settings":{"red":true}}]}