{
"lines":[{"index":1,"settings":{"red":true}},{"index":2,"settings":{"red":true}},{"index":4,"settings":{"red":true}},{"index":6,"settings":{"red":true}},{"index":8,"settings":{"red":true}},{"index":10,"settings":{"red":true}},{"index":12,"settings":{"red":true}},{"index":13,"settings":{"red":true}},{"index":15,"settings":{"red":true}},{"index":17,"settings":{"red":true}},{"index":19,"settings":{"red":true}},{"index":21,"settings":{"red":true}},{"index":23,"settings":{"red":true}},{"index":25,"settings":{"red":true}},{"index":27,"settings":{"red":true}},{"index":29,"settings":{"red":true}},{"index":31,"settings":{"red":true}},{"index":33,"settings":{"red":true}},{"index":35,"settings":{"red":true}},{"index":37,"settings":{"red":true}},{"index":38,"settings":{"red":true}},{"index":40,"settings":{"red":true}},{"index":42,"settings":{"red":true}},{"index":44,"settings":{"red":true}},{"index":46,"settings":{"red":true}},{"index":48,"settings":{"red":true}},{"index":50,"settings":{"red":true}},{"index":52,"settings":{"red":true}},{"index":54,"settings":{"red":true}},{"index":56,"settings":{"red":true}},{"index":58,"settings":{"red":true}},{"index":60,"settings":{"red":true}},{"index":62,"settings":{"red":true}},{"index":63,"settings":{"red":true}},{"index":65,"settings":{"red":true}},{"index":67,"settings":{"red":true}},{"index":69,"settings":{"red":true}},{"index":70,"settings":{"red":true}},{"index":72,"settings":{"red":true}},{"index":74,"settings":{"red":true}},{"index":76,"settings":{"red":true}},{"index":78,"settings":{"red":true}},{"index":79,"settings":{"red":true}},{"index":81,"settings":{"red":true}},{"index":83,"settings":{"red":true}},{"index":84,"settings":{"red":true}},{"index":86,"settings":{"red":true}},{"index":88,"settings":{"red":true}},{"index":90,"settings":{"red":true}}]}