{
"lines":[{"index":1,"settings":{"red":true}},{"index":2,"settings":{"red":true}},{"index":4,"settings":{"red":true}},{"index":5,"settings":{"red":true}},{"index":6,"settings":{"red":true}},{"index":7,"settings":{"red":true}},{"index":9,"settings":{"red":true}},{"index":11,"settings":{"red":true}},{"index":12,"settings":{"red":true}},{"index":14,"settings":{"red":true}},{"index":15,"settings":{"red":true}},{"index":17,"settings":{"red":true}},{"index":19,"settings":{"red":true}},{"index":21,"settings":{"red":true}},{"index":23,"settings":{"red":true}},{"index":25,"settings":{"red":true}},{"index":26,"settings":{"red":true}},{"index":28,"settings":{"red":true}},{"index":29,"settings":{"red":true}},{"index":31,"settings":{"red":true}},{"index":33,"settings":{"red":true}},{"index":34,"settings":{"red":true}},{"index":36,"settings":{"red":true}},{"index":38,"settings":{"red":true}},{"index":39,"settings":{"red":true}},{"index":41,"settings":{"red":true}},{"index":42,"settings":{"red":true}},{"index":44,"settings":{"red":true}},{"index":45,"settings":{"red":true}},{"index":47,"settings":{"red":true}},{"index":48,"settings":{"red":true}}]}