{
"lines":[{"index":1,"settings":{"red":true}},{"index":2,"settings":{"red":true}},{"index":3,"settings":{"red":true}},{"index":5,"settings":{"red":true}},{"index":6,"settings":{"red":true}},{"index":8,"settings":{"red":true}},{"index":10,"settings":{"red":true}},{"index":11,"settings":{"red":true}},{"index":13,"settings":{"red":true}},{"index":14,"settings":{"red":true}},{"index":15,"settings":{"red":true}},{"index":17,"settings":{"red":true}},{"index":18,"settings":{"red":true}},{"index":20,"settings":{"red":true}},{"index":22,"settings":{"red":true}},{"index":23,"settings":{"red":true}},{"index":25,"settings":{"red":true}},{"index":26,"settings":{"red":true}},{"index":28,"settings":{"red":true}},{"index":30,"settings":{"red":true}},{"index":31,"settings":{"red":true}},{"index":33,"settings":{"red":true}},{"index":34,"settings":{"red":true}},{"index":36,"settings":{"red":true}},{"index":37,"settings":{"red":true}},{"index":39,"settings":{"red":true}},{"index":40,"settings":{"red":true}},{"index":42,"settings":{"red":true}},{"index":43,"settings":{"red":true}},{"index":45,"settings":{"red":true}},{"index":47,"settings":{"red":true}},{"index":49,"settings":{"red":true}},{"index":51,"settings":{"red":true}},{"index":52,"settings":{"red":true}},{"index":53,"settings":{"red":true}},{"index":55,"settings":{"red":true}},{"index":56,"settings":{"red":true}},{"index":57,"settings":{"red":true}}]}