{
"lines":[{"index":1,"settings":{"red":true}},{"index":2,"settings":{"red":true}},{"index":3,"settings":{"red":true}},{"index":5,"settings":{"red":true}},{"index":6,"settings":{"red":true}},{"index":7,"settings":{"red":true}},{"index":9,"settings":{"red":true}},{"index":11,"settings":{"red":true}},{"index":12,"settings":{"red":true}},{"index":13,"settings":{"red":true}},{"index":14,"settings":{"red":true}},{"index":16,"settings":{"red":true}},{"index":17,"settings":{"red":true}},{"index":19,"settings":{"red":true}},{"index":20,"settings":{"red":true}},{"index":21,"settings":{"red":true}},{"index":23,"settings":{"red":true}},{"index":24,"settings":{"red":true}},{"index":25,"settings":{"red":true}},{"index":27,"settings":{"red":true}},{"index":28,"settings":{"red":true}},{"index":29,"settings":{"red":true}},{"index":31,"settings":{"red":true}},{"index":32,"settings":{"red":true}},{"index":33,"settings":{"red":true}},{"index":35,"settings":{"red":true}},{"index":37,"settings":{"red":true}},{"index":38,"settings":{"red":true}},{"index":40,"settings":{"red":true}},{"index":42,"settings":{"red":true}},{"index":44,"settings":{"red":true}},{"index":45,"settings":{"red":true}},{"index":47,"settings":{"red":true}},{"index":48,"settings":{"red":true}},{"index":50,"settings":{"red":true}},{"index":51,"settings":{"red":true}},{"index":53,"settings":{"red":true}},{"index":54,"settings":{"red":true}},{"index":55,"settings":{"red":true}},{"index":57,"settings":{"red":true}},{"index":58,"settings":{"red":true}},{"index":60,"settings":{"red":true}},{"index":61,"settings":{"red":true}},{"index":62,"settings":{"red":true}},{"index":64,"settings":{"red":true}},{"index":65,"settings":{"red":true}},{"index":67,"settings":{"red":true}},{"index":68,"settings":{"red":true}},{"index":69,"settings":{"red":true}},{"index":70,"settings":{"red":true}},{"index":72,"settings":{"red":true}},{"index":73,"settings":{"red":true}},{"index":74,"settings":{"red":true}},{"index":75,"settings":{"red":true}},{"index":77,"settings":{"red":true}},{"index":78,"settings":{"red":true}},{"index":80,"settings":{"red":true}},{"index":81,"settings":{"red":true}},{"index":82,"settings":{"red":true}},{"index":84,"settings":{"red":true}},{"index":85,"settings":{"red":true}},{"index":87,"settings":{"red":true}},{"index":88,"settings":{"red":true}},{"index":89,"settings":{"red":true}},{"index":90,"settings":{"red":true}},{"index":91,"settings":{"red":true}},{"index":93,"settings":{"red":true}},{"index":95,"settings":{"red":true}},{"index":96,"settings":{"red":true}},{"index":98,"settings":{"red":true}},{"index":99,"settings":{"red":true}},{"index":101,"settings":{"red":true}},{"index":102,"settings":{"red":true}},{"index":103,"settings":{"red":true}},{"index":104,"settings":{"red":true}},{"index":105,"settings":{"red":true}},{"index":106,"settings":{"red":true}},{"index":107,"settings":{"red":true}}]}