{
"lines":[{"index":1,"settings":{"red":true}},{"index":3,"settings":{"red":true}},{"index":4,"settings":{"red":true}},{"index":6,"settings":{"red":true}},{"index":7,"settings":{"red":true}},{"index":8,"settings":{"red":true}},{"index":9,"settings":{"red":true}},{"index":11,"settings":{"red":true}},{"index":12,"settings":{"red":true}},{"index":14,"settings":{"red":true}},{"index":15,"settings":{"red":true}},{"index":16,"settings":{"red":true}},{"index":17,"settings":{"red":true}},{"index":19,"settings":{"red":true}},{"index":20,"settings":{"red":true}},{"index":22,"settings":{"red":true}},{"index":23,"settings":{"red":true}},{"index":25,"settings":{"red":true}},{"index":26,"settings":{"red":true}},{"index":28,"settings":{"red":true}},{"index":29,"settings":{"red":true}},{"index":30,"settings":{"red":true}},{"index":31,"settings":{"red":true}},{"index":32,"settings":{"red":true}},{"index":33,"settings":{"red":true}},{"index":34,"settings":{"red":true}},{"index":35,"settings":{"red":true}},{"index":36,"settings":{"red":true}},{"index":37,"settings":{"red":true}},{"index":39,"settings":{"red":true}},{"index":40,"settings":{"red":true}},{"index":43,"settings":{"red":true}},{"index":44,"settings":{"red":true}},{"index":46,"settings":{"red":true}},{"index":47,"settings":{"red":true}},{"index":49,"settings":{"red":true}},{"index":50,"settings":{"red":true}},{"index":51,"settings":{"red":true}},{"index":52,"settings":{"red":true}},{"index":53,"settings":{"red":true}},{"index":54,"settings":{"red":true}},{"index":55,"settings":{"red":true}},{"index":56,"settings":{"red":true}},{"index":58,"settings":{"red":true}},{"index":59,"settings":{"red":true}},{"index":60,"settings":{"red":true}},{"index":61,"settings":{"red":true}}]}