{
"lines":[{"index":1,"settings":{"red":true}},{"index":65,"settings":{"red":true}},{"index":2,"settings":{"red":true}},{"index":67,"settings":{"red":true}},{"index":4,"settings":{"red":true}},{"index":6,"settings":{"red":true}},{"index":8,"settings":{"red":true}},{"index":10,"settings":{"red":true}},{"index":12,"settings":{"red":true}},{"index":14,"settings":{"red":true}},{"index":16,"settings":{"red":true}},{"index":18,"settings":{"red":true}},{"index":20,"settings":{"red":true}},{"index":22,"settings":{"red":true}},{"index":24,"settings":{"red":true}},{"index":25,"settings":{"red":true}},{"index":26,"settings":{"red":true}},{"index":28,"settings":{"red":true}},{"index":30,"settings":{"red":true}},{"index":32,"settings":{"red":true}},{"index":34,"settings":{"red":true}},{"index":36,"settings":{"red":true}},{"index":38,"settings":{"red":true}},{"index":40,"settings":{"red":true}},{"index":42,"settings":{"red":true}},{"index":44,"settings":{"red":true}},{"index":45,"settings":{"red":true}},{"index":47,"settings":{"red":true}},{"index":49,"settings":{"red":true}},{"index":51,"settings":{"red":true}},{"index":53,"settings":{"red":true}},{"index":55,"settings":{"red":true}},{"index":57,"settings":{"red":true}},{"index":59,"settings":{"red":true}},{"index":61,"settings":{"red":true}},{"index":63,"settings":{"red":true}}]}