{
"lines":[{"index":1,"settings":{"red":true}},{"index":129,"settings":{"red":true}},{"index":2,"settings":{"red":true}},{"index":131,"settings":{"red":true}},{"index":4,"settings":{"red":true}},{"index":133,"settings":{"red":true}},{"index":6,"settings":{"red":true}},{"index":135,"settings":{"red":true}},{"index":8,"settings":{"red":true}},{"index":137,"settings":{"red":true}},{"index":10,"settings":{"red":true}},{"index":139,"settings":{"red":true}},{"index":12,"settings":{"red":true}},{"index":141,"settings":{"red":true}},{"index":14,"settings":{"red":true}},{"index":143,"settings":{"red":true}},{"index":16,"settings":{"red":true}},{"index":145,"settings":{"red":true}},{"index":18,"settings":{"red":true}},{"index":147,"settings":{"red":true}},{"index":20,"settings":{"red":true}},{"index":149,"settings":{"red":true}},{"index":22,"settings":{"red":true}},{"index":151,"settings":{"red":true}},{"index":24,"settings":{"red":true}},{"index":153,"settings":{"red":true}},{"index":26,"settings":{"red":true}},{"index":155,"settings":{"red":true}},{"index":28,"settings":{"red":true}},{"index":157,"settings":{"red":true}},{"index":30,"settings":{"red":true}},{"index":32,"settings":{"red":true}},{"index":34,"settings":{"red":true}},{"index":36,"settings":{"red":true}},{"index":38,"settings":{"red":true}},{"index":40,"settings":{"red":true}},{"index":42,"settings":{"red":true}},{"index":44,"settings":{"red":true}},{"index":46,"settings":{"red":true}},{"index":48,"settings":{"red":true}},{"index":50,"settings":{"red":true}},{"index":52,"settings":{"red":true}},{"index":54,"settings":{"red":true}},{"index":56,"settings":{"red":true}},{"index":58,"settings":{"red":true}},{"index":59,"settings":{"red":true}},{"index":60,"settings":{"red":true}},{"index":62,"settings":{"red":true}},{"index":64,"settings":{"red":true}},{"index":66,"settings":{"red":true}},{"index":68,"settings":{"red":true}},{"index":69,"settings":{"red":true}},{"index":70,"settings":{"red":true}},{"index":72,"settings":{"red":true}},{"index":74,"settings":{"red":true}},{"index":76,"settings":{"red":true}},{"index":78,"settings":{"red":true}},{"index":80,"settings":{"red":true}},{"index":82,"settings":{"red":true}},{"index":83,"settings":{"red":true}},{"index":85,"settings":{"red":true}},{"index":87,"settings":{"red":true}},{"index":89,"settings":{"red":true}},{"index":91,"settings":{"red":true}},{"index":93,"settings":{"red":true}},{"index":95,"settings":{"red":true}},{"index":97,"settings":{"red":true}},{"index":99,"settings":{"red":true}},{"index":101,"settings":{"red":true}},{"index":103,"settings":{"red":true}},{"index":105,"settings":{"red":true}},{"index":107,"settings":{"red":true}},{"index":109,"settings":{"red":true}},{"index":111,"settings":{"red":true}},{"index":113,"settings":{"red":true}},{"index":115,"settings":{"red":true}},{"index":117,"settings":{"red":true}},{"index":119,"settings":{"red":true}},{"index":121,"settings":{"red":true}},{"index":123,"settings":{"red":true}},{"index":125,"settings":{"red":true}},{"index":127,"settings":{"red":true}}]}