{
"lines":[{"index":1,"settings":{"red":true}},{"index":2,"settings":{"red":true}},{"index":4,"settings":{"red":true}},{"index":6,"settings":{"red":true}},{"index":8,"settings":{"red":true}},{"index":10,"settings":{"red":true}},{"index":12,"settings":{"red":true}},{"index":14,"settings":{"red":true}},{"index":16,"settings":{"red":true}},{"index":18,"settings":{"red":true}},{"index":20,"settings":{"red":true}},{"index":22,"settings":{"red":true}},{"index":24,"settings":{"red":true}},{"index":26,"settings":{"red":true}},{"index":28,"settings":{"red":true}},{"index":30,"settings":{"red":true}},{"index":32,"settings":{"red":true}},{"index":33,"settings":{"red":true}},{"index":35,"settings":{"red":true}},{"index":37,"settings":{"red":true}},{"index":39,"settings":{"red":true}},{"index":41,"settings":{"red":true}},{"index":43,"settings":{"red":true}},{"index":45,"settings":{"red":true}},{"index":47,"settings":{"red":true}},{"index":49,"settings":{"red":true}},{"index":51,"settings":{"red":true}},{"index":53,"settings":{"red":true}},{"index":55,"settings":{"red":true}},{"index":57,"settings":{"red":true}},{"index":59,"settings":{"red":true}},{"index":61,"settings":{"red":true}},{"index":63,"settings":{"red":true}},{"index":65,"settings":{"red":true}},{"index":67,"settings":{"red":true}},{"index":68,"settings":{"red":true}},{"index":70,"settings":{"red":true}},{"index":72,"settings":{"red":true}},{"index":74,"settings":{"red":true}},{"index":75,"settings":{"red":true}},{"index":77,"settings":{"red":true}},{"index":79,"settings":{"red":true}},{"index":81,"settings":{"red":true}},{"index":83,"settings":{"red":true}},{"index":84,"settings":{"red":true}},{"index":86,"settings":{"red":true}},{"index":88,"settings":{"red":true}},{"index":90,"settings":{"red":true}},{"index":92,"settings":{"red":true}},{"index":94,"settings":{"red":true}},{"index":96,"settings":{"red":true}},{"index":98,"settings":{"red":true}},{"index":100,"settings":{"red":true}},{"index":102,"settings":{"red":true}},{"index":104,"settings":{"red":true}},{"index":106,"settings":{"red":true}},{"index":108,"settings":{"red":true}},{"index":110,"settings":{"red":true}},{"index":112,"settings":{"red":true}},{"index":114,"settings":{"red":true}},{"index":116,"settings":{"red":true}},{"index":118,"settings":{"red":true}}]}