{
"lines":[{"index":32,"settings":{"red":true}},{"index":1,"settings":{"red":true}},{"index":65,"settings":{"red":true}},{"index":34,"settings":{"red":true}},{"index":37,"settings":{"red":true}},{"index":74,"settings":{"red":true}},{"index":45,"settings":{"red":true}},{"index":16,"settings":{"red":true}},{"index":80,"settings":{"red":true}},{"index":18,"settings":{"red":true}},{"index":20,"settings":{"red":true}},{"index":22,"settings":{"red":true}},{"index":86,"settings":{"red":true}},{"index":56,"settings":{"red":true}},{"index":89,"settings":{"red":true}},{"index":58,"settings":{"red":true}},{"index":27,"settings":{"red":true}},{"index":63,"settings":{"red":true}}]}