{
"lines":[{"index":1,"settings":{"red":true}},{"index":2,"settings":{"red":true}},{"index":4,"settings":{"red":true}},{"index":5,"settings":{"red":true}},{"index":7,"settings":{"red":true}},{"index":9,"settings":{"red":true}},{"index":10,"settings":{"red":true}},{"index":11,"settings":{"red":true}},{"index":12,"settings":{"red":true}},{"index":14,"settings":{"red":true}},{"index":15,"settings":{"red":true}},{"index":17,"settings":{"red":true}},{"index":19,"settings":{"red":true}},{"index":21,"settings":{"red":true}},{"index":22,"settings":{"red":true}},{"index":23,"settings":{"red":true}},{"index":24,"settings":{"red":true}},{"index":26,"settings":{"red":true}}]}