{
"lines":[{"index":32,"settings":{"red":true}},{"index":1,"settings":{"red":true}},{"index":33,"settings":{"red":true}},{"index":2,"settings":{"red":true}},{"index":35,"settings":{"red":true}},{"index":4,"settings":{"red":true}},{"index":36,"settings":{"red":true}},{"index":5,"settings":{"red":true}},{"index":38,"settings":{"red":true}},{"index":7,"settings":{"red":true}},{"index":40,"settings":{"red":true}},{"index":9,"settings":{"red":true}},{"index":41,"settings":{"red":true}},{"index":11,"settings":{"red":true}},{"index":13,"settings":{"red":true}},{"index":15,"settings":{"red":true}},{"index":17,"settings":{"red":true}},{"index":20,"settings":{"red":true}},{"index":22,"settings":{"red":true}},{"index":24,"settings":{"red":true}},{"index":26,"settings":{"red":true}},{"index":27,"settings":{"red":true}},{"index":29,"settings":{"red":true}},{"index":30,"settings":{"red":true}}]}