{
"lines":[{"index":1,"settings":{"red":true}},{"index":65,"settings":{"red":true}},{"index":2,"settings":{"red":true}},{"index":68,"settings":{"red":true}},{"index":5,"settings":{"red":true}},{"index":71,"settings":{"red":true}},{"index":8,"settings":{"red":true}},{"index":74,"settings":{"red":true}},{"index":11,"settings":{"red":true}},{"index":77,"settings":{"red":true}},{"index":14,"settings":{"red":true}},{"index":17,"settings":{"red":true}},{"index":20,"settings":{"red":true}},{"index":23,"settings":{"red":true}},{"index":26,"settings":{"red":true}},{"index":29,"settings":{"red":true}},{"index":32,"settings":{"red":true}},{"index":35,"settings":{"red":true}},{"index":38,"settings":{"red":true}},{"index":41,"settings":{"red":true}},{"index":44,"settings":{"red":true}},{"index":47,"settings":{"red":true}},{"index":50,"settings":{"red":true}},{"index":53,"settings":{"red":true}},{"index":56,"settings":{"red":true}},{"index":59,"settings":{"red":true}},{"index":62,"settings":{"red":true}}]}