{
"lines":[{"index":64,"settings":{"red":true}},{"index":1,"settings":{"red":true}},{"index":3,"settings":{"red":true}},{"index":67,"settings":{"red":true}},{"index":68,"settings":{"red":true}},{"index":6,"settings":{"red":true}},{"index":71,"settings":{"red":true}},{"index":9,"settings":{"red":true}},{"index":74,"settings":{"red":true}},{"index":12,"settings":{"red":true}},{"index":77,"settings":{"red":true}},{"index":15,"settings":{"red":true}},{"index":80,"settings":{"red":true}},{"index":18,"settings":{"red":true}},{"index":83,"settings":{"red":true}},{"index":21,"settings":{"red":true}},{"index":86,"settings":{"red":true}},{"index":24,"settings":{"red":true}},{"index":89,"settings":{"red":true}},{"index":27,"settings":{"red":true}},{"index":91,"settings":{"red":true}},{"index":30,"settings":{"red":true}},{"index":94,"settings":{"red":true}},{"index":33,"settings":{"red":true}},{"index":97,"settings":{"red":true}},{"index":98,"settings":{"red":true}},{"index":36,"settings":{"red":true}},{"index":101,"settings":{"red":true}},{"index":38,"settings":{"red":true}},{"index":104,"settings":{"red":true}},{"index":41,"settings":{"red":true}},{"index":43,"settings":{"red":true}},{"index":107,"settings":{"red":true}},{"index":46,"settings":{"red":true}},{"index":110,"settings":{"red":true}},{"index":49,"settings":{"red":true}},{"index":113,"settings":{"red":true}},{"index":52,"settings":{"red":true}},{"index":116,"settings":{"red":true}},{"index":55,"settings":{"red":true}},{"index":119,"settings":{"red":true}},{"index":58,"settings":{"red":true}},{"index":122,"settings":{"red":true}},{"index":61,"settings":{"red":true}},{"index":125,"settings":{"red":true}}]}