{
"lines":[{"index":1,"settings":{"red":true}},{"index":65,"settings":{"red":true}},{"index":3,"settings":{"red":true}},{"index":68,"settings":{"red":true}},{"index":6,"settings":{"red":true}},{"index":71,"settings":{"red":true}},{"index":9,"settings":{"red":true}},{"index":74,"settings":{"red":true}},{"index":75,"settings":{"red":true}},{"index":12,"settings":{"red":true}},{"index":78,"settings":{"red":true}},{"index":15,"settings":{"red":true}},{"index":81,"settings":{"red":true}},{"index":18,"settings":{"red":true}},{"index":82,"settings":{"red":true}},{"index":21,"settings":{"red":true}},{"index":85,"settings":{"red":true}},{"index":24,"settings":{"red":true}},{"index":88,"settings":{"red":true}},{"index":25,"settings":{"red":true}},{"index":91,"settings":{"red":true}},{"index":28,"settings":{"red":true}},{"index":94,"settings":{"red":true}},{"index":31,"settings":{"red":true}},{"index":97,"settings":{"red":true}},{"index":34,"settings":{"red":true}},{"index":35,"settings":{"red":true}},{"index":100,"settings":{"red":true}},{"index":38,"settings":{"red":true}},{"index":103,"settings":{"red":true}},{"index":41,"settings":{"red":true}},{"index":106,"settings":{"red":true}},{"index":44,"settings":{"red":true}},{"index":109,"settings":{"red":true}},{"index":47,"settings":{"red":true}},{"index":50,"settings":{"red":true}},{"index":53,"settings":{"red":true}},{"index":56,"settings":{"red":true}},{"index":59,"settings":{"red":true}},{"index":62,"settings":{"red":true}}]}