{
"lines":[{"index":192,"settings":{"red":true}},{"index":1,"settings":{"red":true}},{"index":66,"settings":{"red":true}},{"index":130,"settings":{"red":true}},{"index":3,"settings":{"red":true}},{"index":195,"settings":{"red":true}},{"index":7,"settings":{"red":true}},{"index":264,"settings":{"red":true}},{"index":10,"settings":{"red":true}},{"index":75,"settings":{"red":true}},{"index":13,"settings":{"red":true}},{"index":143,"settings":{"red":true}},{"index":80,"settings":{"red":true}},{"index":208,"settings":{"red":true}},{"index":145,"settings":{"red":true}},{"index":210,"settings":{"red":true}},{"index":19,"settings":{"red":true}},{"index":147,"settings":{"red":true}},{"index":84,"settings":{"red":true}},{"index":212,"settings":{"red":true}},{"index":23,"settings":{"red":true}},{"index":153,"settings":{"red":true}},{"index":26,"settings":{"red":true}},{"index":90,"settings":{"red":true}},{"index":32,"settings":{"red":true}},{"index":160,"settings":{"red":true}},{"index":227,"settings":{"red":true}},{"index":103,"settings":{"red":true}},{"index":168,"settings":{"red":true}},{"index":170,"settings":{"red":true}},{"index":108,"settings":{"red":true}},{"index":178,"settings":{"red":true}},{"index":117,"settings":{"red":true}},{"index":58,"settings":{"red":true}},{"index":252,"settings":{"red":true}}]}