{
"lines":[{"index":64,"settings":{"red":true}},{"index":1,"settings":{"red":true}},{"index":3,"settings":{"red":true}},{"index":195,"settings":{"red":true}},{"index":261,"settings":{"red":true}},{"index":264,"settings":{"red":true}},{"index":9,"settings":{"red":true}},{"index":205,"settings":{"red":true}},{"index":272,"settings":{"red":true}},{"index":145,"settings":{"red":true}},{"index":209,"settings":{"red":true}},{"index":151,"settings":{"red":true}},{"index":89,"settings":{"red":true}},{"index":217,"settings":{"red":true}},{"index":219,"settings":{"red":true}},{"index":28,"settings":{"red":true}},{"index":284,"settings":{"red":true}},{"index":221,"settings":{"red":true}},{"index":158,"settings":{"red":true}},{"index":223,"settings":{"red":true}},{"index":33,"settings":{"red":true}},{"index":161,"settings":{"red":true}},{"index":225,"settings":{"red":true}},{"index":227,"settings":{"red":true}},{"index":291,"settings":{"red":true}},{"index":36,"settings":{"red":true}},{"index":229,"settings":{"red":true}},{"index":102,"settings":{"red":true}},{"index":231,"settings":{"red":true}},{"index":170,"settings":{"red":true}},{"index":43,"settings":{"red":true}},{"index":300,"settings":{"red":true}},{"index":112,"settings":{"red":true}},{"index":304,"settings":{"red":true}},{"index":241,"settings":{"red":true}},{"index":116,"settings":{"red":true}},{"index":308,"settings":{"red":true}},{"index":314,"settings":{"red":true}},{"index":123,"settings":{"red":true}},{"index":317,"settings":{"red":true}},{"index":127,"settings":{"red":true}}]}