{
"lines":[{"index":64,"settings":{"red":true}},{"index":1,"settings":{"red":true}},{"index":257,"settings":{"red":true}},{"index":3,"settings":{"red":true}},{"index":9,"settings":{"red":true}},{"index":265,"settings":{"red":true}},{"index":204,"settings":{"red":true}},{"index":146,"settings":{"red":true}},{"index":277,"settings":{"red":true}},{"index":214,"settings":{"red":true}},{"index":152,"settings":{"red":true}},{"index":89,"settings":{"red":true}},{"index":218,"settings":{"red":true}},{"index":28,"settings":{"red":true}},{"index":284,"settings":{"red":true}},{"index":157,"settings":{"red":true}},{"index":160,"settings":{"red":true}},{"index":33,"settings":{"red":true}},{"index":36,"settings":{"red":true}},{"index":293,"settings":{"red":true}},{"index":102,"settings":{"red":true}},{"index":297,"settings":{"red":true}},{"index":234,"settings":{"red":true}},{"index":43,"settings":{"red":true}},{"index":171,"settings":{"red":true}},{"index":300,"settings":{"red":true}},{"index":112,"settings":{"red":true}},{"index":306,"settings":{"red":true}},{"index":179,"settings":{"red":true}},{"index":116,"settings":{"red":true}},{"index":308,"settings":{"red":true}},{"index":123,"settings":{"red":true}},{"index":254,"settings":{"red":true}},{"index":127,"settings":{"red":true}}]}