{
"lines":[{"index":1,"settings":{"red":true}},{"index":33,"settings":{"red":true}},{"index":129,"settings":{"red":true}},{"index":66,"settings":{"red":true}},{"index":3,"settings":{"red":true}},{"index":36,"settings":{"red":true}},{"index":41,"settings":{"red":true}},{"index":137,"settings":{"red":true}},{"index":10,"settings":{"red":true}},{"index":106,"settings":{"red":true}},{"index":76,"settings":{"red":true}},{"index":109,"settings":{"red":true}},{"index":141,"settings":{"red":true}},{"index":143,"settings":{"red":true}},{"index":80,"settings":{"red":true}},{"index":116,"settings":{"red":true}},{"index":150,"settings":{"red":true}},{"index":88,"settings":{"red":true}},{"index":28,"settings":{"red":true}},{"index":95,"settings":{"red":true}}]}