{
"lines":[{"index":1,"settings":{"red":true}},{"index":2,"settings":{"red":true}},{"index":3,"settings":{"red":true}},{"index":4,"settings":{"red":true}},{"index":6,"settings":{"red":true}},{"index":7,"settings":{"red":true}},{"index":8,"settings":{"red":true}},{"index":9,"settings":{"red":true}},{"index":10,"settings":{"red":true}},{"index":11,"settings":{"red":true}},{"index":12,"settings":{"red":true}},{"index":14,"settings":{"red":true}},{"index":16,"settings":{"red":true}},{"index":18,"settings":{"red":true}},{"index":19,"settings":{"red":true}},{"index":21,"settings":{"red":true}},{"index":22,"settings":{"red":true}},{"index":23,"settings":{"red":true}},{"index":24,"settings":{"red":true}},{"index":26,"settings":{"red":true}},{"index":27,"settings":{"red":true}},{"index":28,"settings":{"red":true}},{"index":30,"settings":{"red":true}},{"index":31,"settings":{"red":true}},{"index":32,"settings":{"red":true}}]}