{
"lines":[{"index":1,"settings":{"red":true}},{"index":129,"settings":{"red":true}},{"index":2,"settings":{"red":true}},{"index":132,"settings":{"red":true}},{"index":6,"settings":{"red":true}},{"index":9,"settings":{"red":true}},{"index":137,"settings":{"red":true}},{"index":11,"settings":{"red":true}},{"index":139,"settings":{"red":true}},{"index":141,"settings":{"red":true}},{"index":14,"settings":{"red":true}},{"index":146,"settings":{"red":true}},{"index":20,"settings":{"red":true}},{"index":148,"settings":{"red":true}},{"index":22,"settings":{"red":true}},{"index":150,"settings":{"red":true}},{"index":25,"settings":{"red":true}},{"index":153,"settings":{"red":true}},{"index":27,"settings":{"red":true}},{"index":155,"settings":{"red":true}},{"index":29,"settings":{"red":true}},{"index":157,"settings":{"red":true}},{"index":31,"settings":{"red":true}},{"index":33,"settings":{"red":true}},{"index":161,"settings":{"red":true}},{"index":162,"settings":{"red":true}},{"index":35,"settings":{"red":true}},{"index":37,"settings":{"red":true}},{"index":165,"settings":{"red":true}},{"index":39,"settings":{"red":true}},{"index":41,"settings":{"red":true}},{"index":43,"settings":{"red":true}},{"index":47,"settings":{"red":true}},{"index":51,"settings":{"red":true}},{"index":56,"settings":{"red":true}},{"index":58,"settings":{"red":true}},{"index":61,"settings":{"red":true}},{"index":66,"settings":{"red":true}},{"index":68,"settings":{"red":true}},{"index":70,"settings":{"red":true}},{"index":74,"settings":{"red":true}},{"index":75,"settings":{"red":true}},{"index":78,"settings":{"red":true}},{"index":81,"settings":{"red":true}},{"index":82,"settings":{"red":true}},{"index":87,"settings":{"red":true}},{"index":88,"settings":{"red":true}},{"index":92,"settings":{"red":true}},{"index":95,"settings":{"red":true}},{"index":100,"settings":{"red":true}},{"index":102,"settings":{"red":true}},{"index":107,"settings":{"red":true}},{"index":110,"settings":{"red":true}},{"index":114,"settings":{"red":true}},{"index":115,"settings":{"red":true}},{"index":120,"settings":{"red":true}},{"index":122,"settings":{"red":true}},{"index":125,"settings":{"red":true}},{"index":127,"settings":{"red":true}}]}