{
"lines":[{"index":1,"settings":{"red":true}},{"index":65,"settings":{"red":true}},{"index":2,"settings":{"red":true}},{"index":66,"settings":{"red":true}},{"index":4,"settings":{"red":true}},{"index":70,"settings":{"red":true}},{"index":7,"settings":{"red":true}},{"index":72,"settings":{"red":true}},{"index":9,"settings":{"red":true}},{"index":74,"settings":{"red":true}},{"index":11,"settings":{"red":true}},{"index":77,"settings":{"red":true}},{"index":14,"settings":{"red":true}},{"index":79,"settings":{"red":true}},{"index":16,"settings":{"red":true}},{"index":81,"settings":{"red":true}},{"index":18,"settings":{"red":true}},{"index":83,"settings":{"red":true}},{"index":21,"settings":{"red":true}},{"index":86,"settings":{"red":true}},{"index":23,"settings":{"red":true}},{"index":88,"settings":{"red":true}},{"index":25,"settings":{"red":true}},{"index":90,"settings":{"red":true}},{"index":28,"settings":{"red":true}},{"index":93,"settings":{"red":true}},{"index":31,"settings":{"red":true}},{"index":95,"settings":{"red":true}},{"index":34,"settings":{"red":true}},{"index":35,"settings":{"red":true}},{"index":100,"settings":{"red":true}},{"index":103,"settings":{"red":true}},{"index":41,"settings":{"red":true}},{"index":105,"settings":{"red":true}},{"index":107,"settings":{"red":true}},{"index":45,"settings":{"red":true}},{"index":47,"settings":{"red":true}},{"index":49,"settings":{"red":true}},{"index":51,"settings":{"red":true}},{"index":53,"settings":{"red":true}},{"index":55,"settings":{"red":true}},{"index":57,"settings":{"red":true}},{"index":58,"settings":{"red":true}},{"index":61,"settings":{"red":true}}]}