{
"lines":[{"index":1,"settings":{"red":true}},{"index":129,"settings":{"red":true}},{"index":2,"settings":{"red":true}},{"index":3,"settings":{"red":true}},{"index":132,"settings":{"red":true}},{"index":5,"settings":{"red":true}},{"index":8,"settings":{"red":true}},{"index":136,"settings":{"red":true}},{"index":138,"settings":{"red":true}},{"index":11,"settings":{"red":true}},{"index":140,"settings":{"red":true}},{"index":13,"settings":{"red":true}},{"index":141,"settings":{"red":true}},{"index":16,"settings":{"red":true}},{"index":146,"settings":{"red":true}},{"index":19,"settings":{"red":true}},{"index":149,"settings":{"red":true}},{"index":22,"settings":{"red":true}},{"index":150,"settings":{"red":true}},{"index":24,"settings":{"red":true}},{"index":153,"settings":{"red":true}},{"index":26,"settings":{"red":true}},{"index":29,"settings":{"red":true}},{"index":31,"settings":{"red":true}},{"index":35,"settings":{"red":true}},{"index":36,"settings":{"red":true}},{"index":40,"settings":{"red":true}},{"index":43,"settings":{"red":true}},{"index":45,"settings":{"red":true}},{"index":47,"settings":{"red":true}},{"index":54,"settings":{"red":true}},{"index":56,"settings":{"red":true}},{"index":58,"settings":{"red":true}},{"index":60,"settings":{"red":true}},{"index":62,"settings":{"red":true}},{"index":65,"settings":{"red":true}},{"index":67,"settings":{"red":true}},{"index":68,"settings":{"red":true}},{"index":75,"settings":{"red":true}},{"index":79,"settings":{"red":true}},{"index":82,"settings":{"red":true}},{"index":85,"settings":{"red":true}},{"index":87,"settings":{"red":true}},{"index":89,"settings":{"red":true}},{"index":91,"settings":{"red":true}},{"index":92,"settings":{"red":true}},{"index":94,"settings":{"red":true}},{"index":97,"settings":{"red":true}},{"index":101,"settings":{"red":true}},{"index":105,"settings":{"red":true}},{"index":107,"settings":{"red":true}},{"index":110,"settings":{"red":true}},{"index":112,"settings":{"red":true}},{"index":114,"settings":{"red":true}},{"index":117,"settings":{"red":true}},{"index":119,"settings":{"red":true}},{"index":120,"settings":{"red":true}},{"index":123,"settings":{"red":true}},{"index":125,"settings":{"red":true}},{"index":127,"settings":{"red":true}}]}