{
"lines":[{"index":128,"settings":{"red":true}},{"index":1,"settings":{"red":true}},{"index":2,"settings":{"red":true}},{"index":5,"settings":{"red":true}},{"index":9,"settings":{"red":true}},{"index":10,"settings":{"red":true}},{"index":16,"settings":{"red":true}},{"index":18,"settings":{"red":true}},{"index":20,"settings":{"red":true}},{"index":22,"settings":{"red":true}},{"index":27,"settings":{"red":true}},{"index":29,"settings":{"red":true}},{"index":31,"settings":{"red":true}},{"index":33,"settings":{"red":true}},{"index":35,"settings":{"red":true}},{"index":37,"settings":{"red":true}},{"index":44,"settings":{"red":true}},{"index":46,"settings":{"red":true}},{"index":48,"settings":{"red":true}},{"index":51,"settings":{"red":true}},{"index":54,"settings":{"red":true}},{"index":57,"settings":{"red":true}},{"index":60,"settings":{"red":true}},{"index":62,"settings":{"red":true}},{"index":65,"settings":{"red":true}},{"index":69,"settings":{"red":true}},{"index":73,"settings":{"red":true}},{"index":76,"settings":{"red":true}},{"index":78,"settings":{"red":true}},{"index":83,"settings":{"red":true}},{"index":85,"settings":{"red":true}},{"index":88,"settings":{"red":true}},{"index":91,"settings":{"red":true}},{"index":94,"settings":{"red":true}},{"index":96,"settings":{"red":true}},{"index":98,"settings":{"red":true}},{"index":100,"settings":{"red":true}},{"index":102,"settings":{"red":true}},{"index":105,"settings":{"red":true}},{"index":107,"settings":{"red":true}},{"index":108,"settings":{"red":true}},{"index":110,"settings":{"red":true}},{"index":112,"settings":{"red":true}},{"index":115,"settings":{"red":true}},{"index":117,"settings":{"red":true}},{"index":119,"settings":{"red":true}},{"index":122,"settings":{"red":true}},{"index":124,"settings":{"red":true}},{"index":127,"settings":{"red":true}}]}