{
"lines":[{"index":128,"settings":{"red":true}},{"index":1,"settings":{"red":true}},{"index":129,"settings":{"red":true}},{"index":2,"settings":{"red":true}},{"index":131,"settings":{"red":true}},{"index":4,"settings":{"red":true}},{"index":133,"settings":{"red":true}},{"index":7,"settings":{"red":true}},{"index":137,"settings":{"red":true}},{"index":11,"settings":{"red":true}},{"index":139,"settings":{"red":true}},{"index":140,"settings":{"red":true}},{"index":142,"settings":{"red":true}},{"index":15,"settings":{"red":true}},{"index":144,"settings":{"red":true}},{"index":17,"settings":{"red":true}},{"index":146,"settings":{"red":true}},{"index":19,"settings":{"red":true}},{"index":148,"settings":{"red":true}},{"index":21,"settings":{"red":true}},{"index":22,"settings":{"red":true}},{"index":150,"settings":{"red":true}},{"index":23,"settings":{"red":true}},{"index":153,"settings":{"red":true}},{"index":155,"settings":{"red":true}},{"index":28,"settings":{"red":true}},{"index":30,"settings":{"red":true}},{"index":159,"settings":{"red":true}},{"index":32,"settings":{"red":true}},{"index":161,"settings":{"red":true}},{"index":34,"settings":{"red":true}},{"index":164,"settings":{"red":true}},{"index":37,"settings":{"red":true}},{"index":166,"settings":{"red":true}},{"index":39,"settings":{"red":true}},{"index":168,"settings":{"red":true}},{"index":170,"settings":{"red":true}},{"index":172,"settings":{"red":true}},{"index":45,"settings":{"red":true}},{"index":47,"settings":{"red":true}},{"index":175,"settings":{"red":true}},{"index":176,"settings":{"red":true}},{"index":49,"settings":{"red":true}},{"index":50,"settings":{"red":true}},{"index":179,"settings":{"red":true}},{"index":52,"settings":{"red":true}},{"index":54,"settings":{"red":true}},{"index":182,"settings":{"red":true}},{"index":56,"settings":{"red":true}},{"index":60,"settings":{"red":true}},{"index":63,"settings":{"red":true}},{"index":65,"settings":{"red":true}},{"index":66,"settings":{"red":true}},{"index":68,"settings":{"red":true}},{"index":71,"settings":{"red":true}},{"index":73,"settings":{"red":true}},{"index":78,"settings":{"red":true}},{"index":80,"settings":{"red":true}},{"index":82,"settings":{"red":true}},{"index":84,"settings":{"red":true}},{"index":86,"settings":{"red":true}},{"index":87,"settings":{"red":true}},{"index":90,"settings":{"red":true}},{"index":92,"settings":{"red":true}},{"index":95,"settings":{"red":true}},{"index":96,"settings":{"red":true}},{"index":98,"settings":{"red":true}},{"index":100,"settings":{"red":true}},{"index":103,"settings":{"red":true}},{"index":105,"settings":{"red":true}},{"index":110,"settings":{"red":true}},{"index":112,"settings":{"red":true}},{"index":114,"settings":{"red":true}},{"index":115,"settings":{"red":true}},{"index":118,"settings":{"red":true}},{"index":120,"settings":{"red":true}},{"index":122,"settings":{"red":true}},{"index":125,"settings":{"red":true}},{"index":126,"settings":{"red":true}}]}