{
"lines":[{"index":1,"settings":{"red":true}},{"index":129,"settings":{"red":true}},{"index":2,"settings":{"red":true}},{"index":131,"settings":{"red":true}},{"index":5,"settings":{"red":true}},{"index":133,"settings":{"red":true}},{"index":136,"settings":{"red":true}},{"index":9,"settings":{"red":true}},{"index":138,"settings":{"red":true}},{"index":11,"settings":{"red":true}},{"index":140,"settings":{"red":true}},{"index":13,"settings":{"red":true}},{"index":15,"settings":{"red":true}},{"index":18,"settings":{"red":true}},{"index":23,"settings":{"red":true}},{"index":25,"settings":{"red":true}},{"index":28,"settings":{"red":true}},{"index":29,"settings":{"red":true}},{"index":32,"settings":{"red":true}},{"index":35,"settings":{"red":true}},{"index":36,"settings":{"red":true}},{"index":38,"settings":{"red":true}},{"index":40,"settings":{"red":true}},{"index":43,"settings":{"red":true}},{"index":45,"settings":{"red":true}},{"index":48,"settings":{"red":true}},{"index":51,"settings":{"red":true}},{"index":54,"settings":{"red":true}},{"index":56,"settings":{"red":true}},{"index":58,"settings":{"red":true}},{"index":60,"settings":{"red":true}},{"index":62,"settings":{"red":true}},{"index":64,"settings":{"red":true}},{"index":66,"settings":{"red":true}},{"index":67,"settings":{"red":true}},{"index":73,"settings":{"red":true}},{"index":75,"settings":{"red":true}},{"index":77,"settings":{"red":true}},{"index":79,"settings":{"red":true}},{"index":81,"settings":{"red":true}},{"index":84,"settings":{"red":true}},{"index":86,"settings":{"red":true}},{"index":88,"settings":{"red":true}},{"index":91,"settings":{"red":true}},{"index":95,"settings":{"red":true}},{"index":98,"settings":{"red":true}},{"index":99,"settings":{"red":true}},{"index":103,"settings":{"red":true}},{"index":108,"settings":{"red":true}},{"index":112,"settings":{"red":true}},{"index":113,"settings":{"red":true}},{"index":115,"settings":{"red":true}},{"index":117,"settings":{"red":true}},{"index":119,"settings":{"red":true}},{"index":121,"settings":{"red":true}},{"index":123,"settings":{"red":true}},{"index":125,"settings":{"red":true}},{"index":127,"settings":{"red":true}}]}