{
"lines":[{"index":1,"settings":{"red":true}},{"index":129,"settings":{"red":true}},{"index":2,"settings":{"red":true}},{"index":3,"settings":{"red":true}},{"index":131,"settings":{"red":true}},{"index":4,"settings":{"red":true}},{"index":5,"settings":{"red":true}},{"index":6,"settings":{"red":true}},{"index":134,"settings":{"red":true}},{"index":7,"settings":{"red":true}},{"index":8,"settings":{"red":true}},{"index":136,"settings":{"red":true}},{"index":9,"settings":{"red":true}},{"index":10,"settings":{"red":true}},{"index":11,"settings":{"red":true}},{"index":139,"settings":{"red":true}},{"index":12,"settings":{"red":true}},{"index":13,"settings":{"red":true}},{"index":141,"settings":{"red":true}},{"index":15,"settings":{"red":true}},{"index":143,"settings":{"red":true}},{"index":17,"settings":{"red":true}},{"index":19,"settings":{"red":true}},{"index":147,"settings":{"red":true}},{"index":21,"settings":{"red":true}},{"index":151,"settings":{"red":true}},{"index":24,"settings":{"red":true}},{"index":154,"settings":{"red":true}},{"index":28,"settings":{"red":true}},{"index":156,"settings":{"red":true}},{"index":31,"settings":{"red":true}},{"index":33,"settings":{"red":true}},{"index":35,"settings":{"red":true}},{"index":37,"settings":{"red":true}},{"index":39,"settings":{"red":true}},{"index":41,"settings":{"red":true}},{"index":42,"settings":{"red":true}},{"index":46,"settings":{"red":true}},{"index":50,"settings":{"red":true}},{"index":52,"settings":{"red":true}},{"index":55,"settings":{"red":true}},{"index":60,"settings":{"red":true}},{"index":62,"settings":{"red":true}},{"index":65,"settings":{"red":true}},{"index":68,"settings":{"red":true}},{"index":71,"settings":{"red":true}},{"index":73,"settings":{"red":true}},{"index":76,"settings":{"red":true}},{"index":80,"settings":{"red":true}},{"index":83,"settings":{"red":true}},{"index":85,"settings":{"red":true}},{"index":87,"settings":{"red":true}},{"index":90,"settings":{"red":true}},{"index":93,"settings":{"red":true}},{"index":95,"settings":{"red":true}},{"index":98,"settings":{"red":true}},{"index":101,"settings":{"red":true}},{"index":103,"settings":{"red":true}},{"index":105,"settings":{"red":true}},{"index":107,"settings":{"red":true}},{"index":109,"settings":{"red":true}},{"index":111,"settings":{"red":true}},{"index":113,"settings":{"red":true}},{"index":115,"settings":{"red":true}},{"index":117,"settings":{"red":true}},{"index":120,"settings":{"red":true}},{"index":123,"settings":{"red":true}},{"index":126,"settings":{"red":true}}]}