{
"lines":[{"index":64,"settings":{"red":true}},{"index":1,"settings":{"red":true}},{"index":65,"settings":{"red":true}},{"index":2,"settings":{"red":true}},{"index":67,"settings":{"red":true}},{"index":4,"settings":{"red":true}},{"index":68,"settings":{"red":true}},{"index":70,"settings":{"red":true}},{"index":7,"settings":{"red":true}},{"index":73,"settings":{"red":true}},{"index":11,"settings":{"red":true}},{"index":75,"settings":{"red":true}},{"index":76,"settings":{"red":true}},{"index":79,"settings":{"red":true}},{"index":81,"settings":{"red":true}},{"index":19,"settings":{"red":true}},{"index":83,"settings":{"red":true}},{"index":85,"settings":{"red":true}},{"index":23,"settings":{"red":true}},{"index":25,"settings":{"red":true}},{"index":90,"settings":{"red":true}},{"index":27,"settings":{"red":true}},{"index":91,"settings":{"red":true}},{"index":93,"settings":{"red":true}},{"index":30,"settings":{"red":true}},{"index":95,"settings":{"red":true}},{"index":33,"settings":{"red":true}},{"index":97,"settings":{"red":true}},{"index":35,"settings":{"red":true}},{"index":99,"settings":{"red":true}},{"index":36,"settings":{"red":true}},{"index":100,"settings":{"red":true}},{"index":102,"settings":{"red":true}},{"index":40,"settings":{"red":true}},{"index":42,"settings":{"red":true}},{"index":44,"settings":{"red":true}},{"index":46,"settings":{"red":true}},{"index":110,"settings":{"red":true}},{"index":48,"settings":{"red":true}},{"index":112,"settings":{"red":true}},{"index":114,"settings":{"red":true}},{"index":54,"settings":{"red":true}},{"index":56,"settings":{"red":true}},{"index":59,"settings":{"red":true}},{"index":61,"settings":{"red":true}}]}