{
"lines":[{"index":1,"settings":{"red":true}},{"index":2,"settings":{"red":true}},{"index":66,"settings":{"red":true}},{"index":69,"settings":{"red":true}},{"index":7,"settings":{"red":true}},{"index":8,"settings":{"red":true}},{"index":72,"settings":{"red":true}},{"index":11,"settings":{"red":true}},{"index":75,"settings":{"red":true}},{"index":14,"settings":{"red":true}},{"index":78,"settings":{"red":true}},{"index":81,"settings":{"red":true}},{"index":18,"settings":{"red":true}},{"index":83,"settings":{"red":true}},{"index":20,"settings":{"red":true}},{"index":85,"settings":{"red":true}},{"index":22,"settings":{"red":true}},{"index":89,"settings":{"red":true}},{"index":26,"settings":{"red":true}},{"index":92,"settings":{"red":true}},{"index":29,"settings":{"red":true}},{"index":94,"settings":{"red":true}},{"index":31,"settings":{"red":true}},{"index":96,"settings":{"red":true}},{"index":33,"settings":{"red":true}},{"index":98,"settings":{"red":true}},{"index":36,"settings":{"red":true}},{"index":100,"settings":{"red":true}},{"index":101,"settings":{"red":true}},{"index":38,"settings":{"red":true}},{"index":102,"settings":{"red":true}},{"index":41,"settings":{"red":true}},{"index":106,"settings":{"red":true}},{"index":107,"settings":{"red":true}},{"index":44,"settings":{"red":true}},{"index":46,"settings":{"red":true}},{"index":110,"settings":{"red":true}},{"index":112,"settings":{"red":true}},{"index":49,"settings":{"red":true}},{"index":114,"settings":{"red":true}},{"index":51,"settings":{"red":true}},{"index":117,"settings":{"red":true}},{"index":55,"settings":{"red":true}},{"index":57,"settings":{"red":true}},{"index":59,"settings":{"red":true}},{"index":61,"settings":{"red":true}},{"index":63,"settings":{"red":true}}]}