{
"lines":[{"index":1,"settings":{"red":true}},{"index":129,"settings":{"red":true}},{"index":2,"settings":{"red":true}},{"index":131,"settings":{"red":true}},{"index":4,"settings":{"red":true}},{"index":134,"settings":{"red":true}},{"index":7,"settings":{"red":true}},{"index":137,"settings":{"red":true}},{"index":139,"settings":{"red":true}},{"index":12,"settings":{"red":true}},{"index":14,"settings":{"red":true}},{"index":142,"settings":{"red":true}},{"index":16,"settings":{"red":true}},{"index":144,"settings":{"red":true}},{"index":146,"settings":{"red":true}},{"index":19,"settings":{"red":true}},{"index":20,"settings":{"red":true}},{"index":23,"settings":{"red":true}},{"index":25,"settings":{"red":true}},{"index":26,"settings":{"red":true}},{"index":28,"settings":{"red":true}},{"index":31,"settings":{"red":true}},{"index":33,"settings":{"red":true}},{"index":38,"settings":{"red":true}},{"index":40,"settings":{"red":true}},{"index":42,"settings":{"red":true}},{"index":45,"settings":{"red":true}},{"index":47,"settings":{"red":true}},{"index":49,"settings":{"red":true}},{"index":51,"settings":{"red":true}},{"index":53,"settings":{"red":true}},{"index":55,"settings":{"red":true}},{"index":57,"settings":{"red":true}},{"index":59,"settings":{"red":true}},{"index":62,"settings":{"red":true}},{"index":64,"settings":{"red":true}},{"index":69,"settings":{"red":true}},{"index":71,"settings":{"red":true}},{"index":73,"settings":{"red":true}},{"index":76,"settings":{"red":true}},{"index":79,"settings":{"red":true}},{"index":81,"settings":{"red":true}},{"index":83,"settings":{"red":true}},{"index":85,"settings":{"red":true}},{"index":87,"settings":{"red":true}},{"index":89,"settings":{"red":true}},{"index":93,"settings":{"red":true}},{"index":96,"settings":{"red":true}},{"index":98,"settings":{"red":true}},{"index":102,"settings":{"red":true}},{"index":104,"settings":{"red":true}},{"index":106,"settings":{"red":true}},{"index":108,"settings":{"red":true}},{"index":111,"settings":{"red":true}},{"index":113,"settings":{"red":true}},{"index":115,"settings":{"red":true}},{"index":117,"settings":{"red":true}},{"index":121,"settings":{"red":true}},{"index":124,"settings":{"red":true}},{"index":127,"settings":{"red":true}}]}