{
"lines":[{"index":1,"settings":{"red":true}},{"index":2,"settings":{"red":true}},{"index":66,"settings":{"red":true}},{"index":68,"settings":{"red":true}},{"index":5,"settings":{"red":true}},{"index":7,"settings":{"red":true}},{"index":71,"settings":{"red":true}},{"index":74,"settings":{"red":true}},{"index":11,"settings":{"red":true}},{"index":12,"settings":{"red":true}},{"index":14,"settings":{"red":true}},{"index":78,"settings":{"red":true}},{"index":80,"settings":{"red":true}},{"index":17,"settings":{"red":true}},{"index":82,"settings":{"red":true}},{"index":19,"settings":{"red":true}},{"index":84,"settings":{"red":true}},{"index":21,"settings":{"red":true}},{"index":23,"settings":{"red":true}},{"index":88,"settings":{"red":true}},{"index":26,"settings":{"red":true}},{"index":27,"settings":{"red":true}},{"index":91,"settings":{"red":true}},{"index":95,"settings":{"red":true}},{"index":33,"settings":{"red":true}},{"index":35,"settings":{"red":true}},{"index":99,"settings":{"red":true}},{"index":36,"settings":{"red":true}},{"index":38,"settings":{"red":true}},{"index":103,"settings":{"red":true}},{"index":41,"settings":{"red":true}},{"index":105,"settings":{"red":true}},{"index":43,"settings":{"red":true}},{"index":107,"settings":{"red":true}},{"index":45,"settings":{"red":true}},{"index":109,"settings":{"red":true}},{"index":112,"settings":{"red":true}},{"index":49,"settings":{"red":true}},{"index":52,"settings":{"red":true}},{"index":53,"settings":{"red":true}},{"index":57,"settings":{"red":true}},{"index":61,"settings":{"red":true}},{"index":63,"settings":{"red":true}}]}