{
"lines":[{"index":1,"settings":{"red":true}},{"index":65,"settings":{"red":true}},{"index":2,"settings":{"red":true}},{"index":67,"settings":{"red":true}},{"index":4,"settings":{"red":true}},{"index":6,"settings":{"red":true}},{"index":70,"settings":{"red":true}},{"index":8,"settings":{"red":true}},{"index":10,"settings":{"red":true}},{"index":12,"settings":{"red":true}},{"index":76,"settings":{"red":true}},{"index":14,"settings":{"red":true}},{"index":78,"settings":{"red":true}},{"index":16,"settings":{"red":true}},{"index":81,"settings":{"red":true}},{"index":83,"settings":{"red":true}},{"index":20,"settings":{"red":true}},{"index":87,"settings":{"red":true}},{"index":24,"settings":{"red":true}},{"index":26,"settings":{"red":true}},{"index":90,"settings":{"red":true}},{"index":91,"settings":{"red":true}},{"index":28,"settings":{"red":true}},{"index":96,"settings":{"red":true}},{"index":33,"settings":{"red":true}},{"index":98,"settings":{"red":true}},{"index":36,"settings":{"red":true}},{"index":100,"settings":{"red":true}},{"index":38,"settings":{"red":true}},{"index":104,"settings":{"red":true}},{"index":41,"settings":{"red":true}},{"index":106,"settings":{"red":true}},{"index":43,"settings":{"red":true}},{"index":45,"settings":{"red":true}},{"index":109,"settings":{"red":true}},{"index":111,"settings":{"red":true}},{"index":48,"settings":{"red":true}},{"index":113,"settings":{"red":true}},{"index":51,"settings":{"red":true}},{"index":56,"settings":{"red":true}},{"index":58,"settings":{"red":true}},{"index":60,"settings":{"red":true}},{"index":63,"settings":{"red":true}}]}