{
"lines":[{"index":1,"settings":{"red":true}},{"index":65,"settings":{"red":true}},{"index":2,"settings":{"red":true}},{"index":67,"settings":{"red":true}},{"index":4,"settings":{"red":true}},{"index":69,"settings":{"red":true}},{"index":71,"settings":{"red":true}},{"index":8,"settings":{"red":true}},{"index":10,"settings":{"red":true}},{"index":13,"settings":{"red":true}},{"index":15,"settings":{"red":true}},{"index":17,"settings":{"red":true}},{"index":19,"settings":{"red":true}},{"index":21,"settings":{"red":true}},{"index":23,"settings":{"red":true}},{"index":25,"settings":{"red":true}},{"index":27,"settings":{"red":true}},{"index":29,"settings":{"red":true}},{"index":32,"settings":{"red":true}},{"index":34,"settings":{"red":true}},{"index":35,"settings":{"red":true}},{"index":38,"settings":{"red":true}},{"index":42,"settings":{"red":true}},{"index":45,"settings":{"red":true}},{"index":47,"settings":{"red":true}},{"index":49,"settings":{"red":true}},{"index":51,"settings":{"red":true}},{"index":53,"settings":{"red":true}},{"index":55,"settings":{"red":true}},{"index":57,"settings":{"red":true}},{"index":59,"settings":{"red":true}},{"index":61,"settings":{"red":true}},{"index":63,"settings":{"red":true}}]}