{
"lines":[{"index":1,"settings":{"red":true}},{"index":65,"settings":{"red":true}},{"index":2,"settings":{"red":true}},{"index":67,"settings":{"red":true}},{"index":4,"settings":{"red":true}},{"index":6,"settings":{"red":true}},{"index":70,"settings":{"red":true}},{"index":8,"settings":{"red":true}},{"index":73,"settings":{"red":true}},{"index":10,"settings":{"red":true}},{"index":12,"settings":{"red":true}},{"index":76,"settings":{"red":true}},{"index":78,"settings":{"red":true}},{"index":15,"settings":{"red":true}},{"index":16,"settings":{"red":true}},{"index":80,"settings":{"red":true}},{"index":18,"settings":{"red":true}},{"index":82,"settings":{"red":true}},{"index":83,"settings":{"red":true}},{"index":21,"settings":{"red":true}},{"index":86,"settings":{"red":true}},{"index":24,"settings":{"red":true}},{"index":88,"settings":{"red":true}},{"index":25,"settings":{"red":true}},{"index":90,"settings":{"red":true}},{"index":27,"settings":{"red":true}},{"index":92,"settings":{"red":true}},{"index":29,"settings":{"red":true}},{"index":95,"settings":{"red":true}},{"index":32,"settings":{"red":true}},{"index":97,"settings":{"red":true}},{"index":34,"settings":{"red":true}},{"index":36,"settings":{"red":true}},{"index":38,"settings":{"red":true}},{"index":40,"settings":{"red":true}},{"index":42,"settings":{"red":true}},{"index":44,"settings":{"red":true}},{"index":47,"settings":{"red":true}},{"index":50,"settings":{"red":true}},{"index":51,"settings":{"red":true}},{"index":53,"settings":{"red":true}},{"index":55,"settings":{"red":true}},{"index":58,"settings":{"red":true}},{"index":62,"settings":{"red":true}}]}