{
"lines":[{"index":1,"settings":{"red":true}},{"index":65,"settings":{"red":true}},{"index":2,"settings":{"red":true}},{"index":67,"settings":{"red":true}},{"index":6,"settings":{"red":true}},{"index":70,"settings":{"red":true}},{"index":74,"settings":{"red":true}},{"index":11,"settings":{"red":true}},{"index":75,"settings":{"red":true}},{"index":13,"settings":{"red":true}},{"index":15,"settings":{"red":true}},{"index":79,"settings":{"red":true}},{"index":81,"settings":{"red":true}},{"index":18,"settings":{"red":true}},{"index":83,"settings":{"red":true}},{"index":20,"settings":{"red":true}},{"index":85,"settings":{"red":true}},{"index":87,"settings":{"red":true}},{"index":24,"settings":{"red":true}},{"index":89,"settings":{"red":true}},{"index":26,"settings":{"red":true}},{"index":92,"settings":{"red":true}},{"index":29,"settings":{"red":true}},{"index":94,"settings":{"red":true}},{"index":32,"settings":{"red":true}},{"index":96,"settings":{"red":true}},{"index":34,"settings":{"red":true}},{"index":98,"settings":{"red":true}},{"index":36,"settings":{"red":true}},{"index":100,"settings":{"red":true}},{"index":38,"settings":{"red":true}},{"index":102,"settings":{"red":true}},{"index":41,"settings":{"red":true}},{"index":105,"settings":{"red":true}},{"index":43,"settings":{"red":true}},{"index":45,"settings":{"red":true}},{"index":48,"settings":{"red":true}},{"index":51,"settings":{"red":true}},{"index":53,"settings":{"red":true}},{"index":55,"settings":{"red":true}},{"index":58,"settings":{"red":true}},{"index":60,"settings":{"red":true}},{"index":63,"settings":{"red":true}}]}