{
"lines":[{"index":1,"settings":{"red":true}},{"index":2,"settings":{"red":true}},{"index":4,"settings":{"red":true}},{"index":6,"settings":{"red":true}},{"index":8,"settings":{"red":true}},{"index":10,"settings":{"red":true}},{"index":11,"settings":{"red":true}},{"index":13,"settings":{"red":true}},{"index":17,"settings":{"red":true}},{"index":19,"settings":{"red":true}},{"index":21,"settings":{"red":true}},{"index":23,"settings":{"red":true}},{"index":25,"settings":{"red":true}},{"index":27,"settings":{"red":true}},{"index":31,"settings":{"red":true}},{"index":35,"settings":{"red":true}},{"index":37,"settings":{"red":true}},{"index":42,"settings":{"red":true}},{"index":44,"settings":{"red":true}},{"index":46,"settings":{"red":true}},{"index":48,"settings":{"red":true}},{"index":50,"settings":{"red":true}},{"index":53,"settings":{"red":true}},{"index":55,"settings":{"red":true}},{"index":58,"settings":{"red":true}},{"index":60,"settings":{"red":true}},{"index":63,"settings":{"red":true}},{"index":65,"settings":{"red":true}},{"index":68,"settings":{"red":true}},{"index":72,"settings":{"red":true}},{"index":75,"settings":{"red":true}},{"index":78,"settings":{"red":true}},{"index":83,"settings":{"red":true}},{"index":85,"settings":{"red":true}},{"index":88,"settings":{"red":true}},{"index":90,"settings":{"red":true}},{"index":92,"settings":{"red":true}},{"index":95,"settings":{"red":true}},{"index":98,"settings":{"red":true}},{"index":100,"settings":{"red":true}},{"index":101,"settings":{"red":true}},{"index":105,"settings":{"red":true}},{"index":107,"settings":{"red":true}},{"index":110,"settings":{"red":true}},{"index":112,"settings":{"red":true}},{"index":115,"settings":{"red":true}},{"index":117,"settings":{"red":true}},{"index":119,"settings":{"red":true}},{"index":121,"settings":{"red":true}}]}