{
"lines":[{"index":1,"settings":{"red":true}},{"index":65,"settings":{"red":true}},{"index":2,"settings":{"red":true}},{"index":5,"settings":{"red":true}},{"index":69,"settings":{"red":true}},{"index":6,"settings":{"red":true}},{"index":9,"settings":{"red":true}},{"index":11,"settings":{"red":true}},{"index":13,"settings":{"red":true}},{"index":15,"settings":{"red":true}},{"index":18,"settings":{"red":true}},{"index":20,"settings":{"red":true}},{"index":22,"settings":{"red":true}},{"index":24,"settings":{"red":true}},{"index":26,"settings":{"red":true}},{"index":29,"settings":{"red":true}},{"index":30,"settings":{"red":true}},{"index":32,"settings":{"red":true}},{"index":34,"settings":{"red":true}},{"index":35,"settings":{"red":true}},{"index":37,"settings":{"red":true}},{"index":40,"settings":{"red":true}},{"index":42,"settings":{"red":true}},{"index":47,"settings":{"red":true}},{"index":49,"settings":{"red":true}},{"index":52,"settings":{"red":true}},{"index":54,"settings":{"red":true}},{"index":56,"settings":{"red":true}},{"index":60,"settings":{"red":true}}]}